{"type":"FeatureCollection", "features": [
{"type":"Feature","geometry":{"type":"Polygon","coordinates":[[[-101.8617,22.0289],[-101.8643,22.0415],[-101.9676,22.1112],[-102.0259,22.1298],[-102.001,22.1681],[-102.0025,22.2414],[-102.0225,22.2416],[-102.0373,22.299],[-102.0756,22.3061],[-102.1066,22.2854],[-102.1532,22.2904],[-102.1498,22.3472],[-102.212,22.3625],[-102.2901,22.4199],[-102.3214,22.3885],[-102.3593,22.385],[-102.3879,22.3641],[-102.4656,22.3502],[-102.4702,22.3092],[-102.527,22.2909],[-102.6687,22.2919],[-102.67,22.2457],[-102.6414,22.2284],[-102.6458,22.2043],[-102.6755,22.1685],[-102.6909,22.1066],[-102.7558,22.0737],[-102.7532,22.0633],[-102.801,22.0039],[-102.8436,21.926],[-102.8709,21.8462],[-102.8473,21.8334],[-102.8169,21.7665],[-102.7453,21.7201],[-102.6963,21.7288],[-102.6907,21.7524],[-102.6335,21.7673],[-102.5963,21.744],[-102.5425,21.7326],[-102.4684,21.6979],[-102.4415,21.6734],[-102.3257,21.6223],[-102.2954,21.6531],[-102.2376,21.652],[-102.2143,21.6948],[-102.1779,21.6882],[-102.1156,21.736],[-102.0946,21.7777],[-102.072,21.7827],[-102.0417,21.8231],[-102.0384,21.8532],[-101.8802,21.9101],[-101.838,21.9073],[-101.8353,21.9418],[-101.8797,21.9439],[-101.8913,21.9766],[-101.8638,21.99],[-101.8617,22.0289]]]},"properties":{"shapeName":"Aguascalientes","shapeISO":"MX-AGU","shapeID":"31927357B17004778023462","shapeGroup":"MEX","shapeType":"ADM1"}},
{"type":"Feature","geometry":{"type":"MultiPolygon","coordinates":[[[[-114.076,28],[-114.1014,28.0344],[-114.1058,28.0206],[-114.0972,28],[-114.0867,28],[-114.0785,28],[-114.076,28]]],[[[-114.1493,28],[-114.1498,28.018],[-114.116,28.0475],[-114.1387,28.0815],[-114.2047,28],[-114.1493,28]]],[[[-115.2161,28.3759],[-115.2493,28.3378],[-115.2612,28.2952],[-115.2368,28.23],[-115.2531,28.204],[-115.3157,28.1358],[-115.3513,28.1155],[-115.3536,28.0772],[-115.3037,28.0962],[-115.2652,28.0747],[-115.2512,28.0415],[-115.2287,28.0299],[-115.182,28.0401],[-115.1856,28.1065],[-115.1567,28.1409],[-115.1597,28.1912],[-115.1764,28.2161],[-115.1658,28.261],[-115.1755,28.3065],[-115.2161,28.3759]]],[[[-112.8905,28.6769],[-112.8654,28.6479],[-112.7989,28.6106],[-112.7756,28.5774],[-112.7556,28.5915],[-112.8027,28.6345],[-112.8553,28.6695],[-112.8905,28.6769]]],[[[-118.3335,29.1702],[-118.3665,29.1465],[-118.352,29.1143],[-118.361,29.0726],[-118.3272,29.0494],[-118.29,28.9614],[-118.2957,28.9333],[-118.2769,28.8848],[-118.25,28.9186],[-118.248,29.0145],[-118.261,29.0682],[-118.297,29.1012],[-118.3219,29.1085],[-118.3335,29.1702]]],[[[-113.513,29.5431],[-113.568,29.5286],[-113.5636,29.5052],[-113.5922,29.4511],[-113.5882,29.4089],[-113.5705,29.4015],[-113.5061,29.3228],[-113.493,29.2841],[-113.4409,29.2761],[-113.4042,29.2093],[-113.3197,29.1572],[-113.264,29.1046],[-113.2488,29.0731],[-113.2003,29.048],[-113.1889,29.0287],[-113.1225,28.9896],[-113.1001,29.0563],[-113.1484,29.0662],[-113.1747,29.1275],[-113.1722,29.196],[-113.1834,29.2883],[-113.2968,29.282],[-113.3666,29.307],[-113.3765,29.3482],[-113.3521,29.3827],[-113.3962,29.4602],[-113.4262,29.4747],[-113.4461,29.5053],[-113.513,29.5431]]],[[[-114.7489,31.8039],[-114.7999,31.8126],[-114.7911,31.73],[-114.7175,31.6812],[-114.6498,31.6821],[-114.6669,31.7169],[-114.7174,31.7517],[-114.7489,31.8039]]],[[[-114.8136,32.4939],[-114.8032,32.53],[-114.8123,32.5572],[-114.807,32.6227],[-114.7655,32.6435],[-114.7202,32.7186],[-115.3226,32.6754],[-115.9251,32.6322],[-116.5199,32.5851],[-117.1223,32.5345],[-117.1239,32.4848],[-117.0902,32.3968],[-117.0244,32.2688],[-116.9339,32.2409],[-116.9158,32.21],[-116.9078,32.1652],[-116.8866,32.1234],[-116.8868,32.0345],[-116.8548,31.9912],[-116.7684,31.9712],[-116.7463,31.903],[-116.6998,31.8954],[-116.6694,31.8649],[-116.622,31.8581],[-116.6096,31.8285],[-116.6105,31.7713],[-116.6403,31.7072],[-116.7279,31.7492],[-116.716,31.717],[-116.6819,31.703],[-116.6488,31.6618],[-116.6672,31.6186],[-116.6504,31.5862],[-116.6888,31.5693],[-116.6514,31.5219],[-116.6078,31.497],[-116.6028,31.4647],[-116.5709,31.4658],[-116.5213,31.4349],[-116.4455,31.3245],[-116.3925,31.2847],[-116.3547,31.233],[-116.3091,31.1507],[-116.3124,31.0964],[-116.338,30.9735],[-116.3198,30.9568],[-116.2665,30.9644],[-116.2272,30.9284],[-116.2073,30.8923],[-116.1762,30.8628],[-116.1411,30.8547],[-116.1032,30.8221],[-116.0642,30.8077],[-116.0512,30.7795],[-116.0467,30.7186],[-116.0328,30.7],[-116.0266,30.6476],[-116.0325,30.5646],[-116.0471,30.4711],[-116.0032,30.4549],[-115.9474,30.4043],[-115.9085,30.3976],[-115.8373,30.3442],[-115.8028,30.2799],[-115.7946,30.1937],[-115.8017,30.1343],[-115.7811,30.0914],[-115.8044,29.9747],[-115.7429,29.948],[-115.701,29.8988],[-115.6856,29.8433],[-115.6984,29.7543],[-115.6197,29.6953],[-115.5846,29.6922],[-115.5633,29.6636],[-115.5054,29.617],[-115.4784,29.6268],[-115.4441,29.6178],[-115.3784,29.5599],[-115.3415,29.5562],[-115.2503,29.5144],[-115.2118,29.4732],[-115.1916,29.4316],[-115.1537,29.4207],[-115.0725,29.4166],[-114.9508,29.3615],[-114.9109,29.3144],[-114.8636,29.2759],[-114.8374,29.237],[-114.8055,29.2093],[-114.7706,29.1977],[-114.738,29.1717],[-114.7336,29.1432],[-114.7032,29.1014],[-114.6777,29.1136],[-114.6361,29.098],[-114.608,29.0584],[-114.6007,28.9856],[-114.5483,28.9573],[-114.5448,28.9343],[-114.489,28.9334],[-114.449,28.9069],[-114.4353,28.88],[-114.4047,28.8602],[-114.3973,28.8178],[-114.3722,28.8119],[-114.3426,28.7554],[-114.2373,28.6671],[-114.183,28.6571],[-114.1556,28.6185],[-114.1616,28.5702],[-114.0967,28.5466],[-114.0693,28.5151],[-114.0691,28.4887],[-114.0449,28.4614],[-114.0501,28.4292],[-114.0888,28.3274],[-114.125,28.2568],[-114.099,28.2398],[-114.0718,28.262],[-114.0523,28.2247],[-114.0835,28.1638],[-114.1133,28.1221],[-114.0999,28.0577],[-114.0683,28.0556],[-114.0402,28.0228],[-114.0628,28],[-113.4137,28],[-112.7649,28],[-112.8015,28.0176],[-112.7889,28.0681],[-112.8125,28.116],[-112.7961,28.1876],[-112.8095,28.2155],[-112.8735,28.2822],[-112.8705,28.3329],[-112.8493,28.382],[-112.8852,28.463],[-112.9034,28.475],[-113.0021,28.4545],[-113.0753,28.485],[-113.1043,28.5061],[-113.1273,28.5889],[-113.1279,28.6278],[-113.1588,28.6601],[-113.195,28.7497],[-113.1966,28.7924],[-113.2208,28.8247],[-113.2516,28.8405],[-113.3116,28.8035],[-113.3471,28.7997],[-113.3709,28.8373],[-113.366,28.8706],[-113.3799,28.9103],[-113.4047,28.9321],[-113.4814,28.9418],[-113.479,28.8945],[-113.5262,28.8933],[-113.5579,28.9482],[-113.5462,28.9645],[-113.5619,29.0206],[-113.5388,29.0584],[-113.5714,29.1169],[-113.6433,29.1846],[-113.6569,29.2151],[-113.6251,29.253],[-113.6379,29.2837],[-113.695,29.3244],[-113.726,29.3666],[-113.7738,29.4105],[-113.8318,29.4355],[-113.8361,29.4559],[-113.8969,29.4848],[-113.9511,29.5388],[-113.9983,29.5761],[-114.0467,29.5968],[-114.0634,29.6286],[-114.1109,29.6533],[-114.1489,29.6939],[-114.1814,29.7081],[-114.2041,29.7399],[-114.2802,29.7723],[-114.2943,29.7428],[-114.3428,29.7467],[-114.3547,29.7688],[-114.386,29.7771],[-114.4151,29.8573],[-114.413,29.8907],[-114.4345,29.9093],[-114.471,29.9133],[-114.4828,29.9432],[-114.5291,29.9655],[-114.5655,30.0116],[-114.5845,30.0741],[-114.6039,30.108],[-114.6265,30.1186],[-114.6689,30.1983],[-114.6398,30.2605],[-114.6561,30.2784],[-114.635,30.3495],[-114.6432,30.3708],[-114.6313,30.4199],[-114.6341,30.5011],[-114.6523,30.5571],[-114.699,30.6333],[-114.6937,30.6706],[-114.7052,30.7168],[-114.6917,30.744],[-114.7006,30.7784],[-114.6954,30.8177],[-114.7208,30.937],[-114.8083,30.9773],[-114.8341,31.0018],[-114.8245,31.0396],[-114.8323,31.0665],[-114.8675,31.0902],[-114.8845,31.1186],[-114.8905,31.1681],[-114.8821,31.2525],[-114.8913,31.2636],[-114.8783,31.3635],[-114.8802,31.3929],[-114.8545,31.4567],[-114.858,31.5011],[-114.8328,31.5785],[-114.7837,31.6355],[-114.7956,31.6901],[-114.817,31.7287],[-114.808,31.8136],[-114.8244,31.8252],[-114.8523,31.8635],[-114.8717,31.8617],[-114.8874,31.8698],[-114.906,31.8623],[-114.9425,31.8877],[-114.9648,31.9177],[-114.9674,31.9969],[-114.957,32.0386],[-114.9897,32.1464],[-114.9753,32.178],[-115.053,32.2452],[-115.0252,32.2899],[-114.9666,32.3388],[-114.9615,32.4117],[-114.9316,32.4427],[-114.9351,32.4818],[-114.8869,32.4917],[-114.8483,32.4734],[-114.8136,32.4939]]]]},"properties":{"shapeName":"Baja California","shapeISO":"MX-BCN","shapeID":"31927357B35339934753022","shapeGroup":"MEX","shapeType":"ADM1"}},
{"type":"Feature","geometry":{"type":"MultiPolygon","coordinates":[[[[-109.9255,24.3684],[-109.9378,24.3232],[-109.9184,24.2914],[-109.9222,24.2629],[-109.8936,24.1881],[-109.8632,24.1477],[-109.8025,24.1367],[-109.7994,24.1566],[-109.8197,24.2048],[-109.8425,24.2272],[-109.9255,24.3684]]],[[[-111.9868,24.5256],[-111.9968,24.5072],[-111.9472,24.489],[-111.8759,24.4427],[-111.7991,24.3835],[-111.7453,24.3486],[-111.7129,24.3125],[-111.6945,24.3497],[-111.7089,24.3847],[-111.7418,24.4179],[-111.7494,24.4419],[-111.7815,24.463],[-111.8191,24.4674],[-111.8419,24.5028],[-111.8703,24.5213],[-111.9691,24.5182],[-111.9868,24.5256]]],[[[-110.3502,24.5305],[-110.3706,24.5282],[-110.3893,24.4977],[-110.352,24.4784],[-110.3623,24.4372],[-110.3522,24.4073],[-110.3275,24.4028],[-110.3023,24.4942],[-110.3502,24.5305]]],[[[-110.397,24.5919],[-110.4107,24.5733],[-110.374,24.5344],[-110.3608,24.543],[-110.397,24.5919]]],[[[-110.7054,25.1049],[-110.7171,25.054],[-110.7127,25.0305],[-110.6833,25.0212],[-110.6537,24.9461],[-110.5736,24.888],[-110.5308,24.8773],[-110.5699,24.9527],[-110.569,24.9978],[-110.5893,25.0312],[-110.6813,25.0614],[-110.7054,25.1049]]],[[[-112.1266,25.26],[-112.1384,25.2602],[-112.1532,25.1883],[-112.1987,25.0344],[-112.2367,24.9322],[-112.2791,24.8312],[-112.3043,24.7949],[-112.2727,24.7718],[-112.2488,24.7889],[-112.1898,24.7757],[-112.1521,24.745],[-112.1352,24.7007],[-112.161,24.6729],[-112.1456,24.6209],[-112.1303,24.6167],[-112.0804,24.5458],[-112.0577,24.5556],[-112.1042,24.6171],[-112.1429,24.6518],[-112.1161,24.6884],[-112.1346,24.7364],[-112.2091,24.8252],[-112.2171,24.8516],[-112.1798,24.87],[-112.1659,24.9117],[-112.1886,24.9577],[-112.1634,24.982],[-112.1672,25.0898],[-112.159,25.1281],[-112.1226,25.2163],[-112.1266,25.26]]],[[[-110.7737,25.7115],[-110.7995,25.6842],[-110.8036,25.6413],[-110.7899,25.6106],[-110.7559,25.6007],[-110.7737,25.7115]]],[[[-111.0358,25.7144],[-111.0596,25.7073],[-111.0469,25.6644],[-111.0133,25.6787],[-111.0358,25.7144]]],[[[-111.0604,26.0709],[-111.086,26.0558],[-111.1222,26.0595],[-111.1754,26.0417],[-111.1723,25.979],[-111.2091,25.9298],[-111.215,25.8746],[-111.1822,25.8672],[-111.1803,25.9045],[-111.1011,25.9977],[-111.0604,26.0709]]],[[[-113.2301,26.7274],[-113.2575,26.7011],[-113.1837,26.6853],[-113.1763,26.719],[-113.2301,26.7274]]],[[[-112.0779,27.2493],[-112.1052,27.2398],[-112.0849,27.1861],[-112.0591,27.18],[-112.0464,27.2137],[-112.0779,27.2493]]],[[[-114.0972,28],[-114.0882,27.9748],[-114.1056,27.9279],[-114.1493,28],[-114.2047,28],[-114.2668,27.9386],[-114.2714,27.8946],[-114.2337,27.9174],[-114.166,27.929],[-114.1151,27.9032],[-114.1677,27.8399],[-114.1738,27.7872],[-114.1435,27.7234],[-114.1168,27.7062],[-114.0891,27.712],[-113.9825,27.7592],[-113.92,27.7163],[-113.957,27.6641],[-113.9952,27.6584],[-114.0215,27.6771],[-114.0996,27.61],[-114.1742,27.6802],[-114.2349,27.6975],[-114.2838,27.7345],[-114.3126,27.7695],[-114.2944,27.8645],[-114.3385,27.8672],[-114.3336,27.8272],[-114.3814,27.806],[-114.4016,27.8193],[-114.5031,27.7723],[-114.5333,27.7861],[-114.6053,27.7735],[-114.6915,27.7866],[-114.7371,27.8085],[-114.7872,27.8156],[-114.8396,27.8101],[-114.8534,27.8265],[-114.9226,27.8342],[-114.972,27.8254],[-115.0165,27.832],[-115.0543,27.8614],[-115.078,27.8426],[-115.052,27.8198],[-115.0291,27.7554],[-114.9412,27.7064],[-114.912,27.6703],[-114.8775,27.6991],[-114.8458,27.6712],[-114.852,27.64],[-114.8111,27.6268],[-114.7772,27.5991],[-114.7578,27.5479],[-114.7373,27.5242],[-114.6637,27.5048],[-114.5958,27.4755],[-114.507,27.409],[-114.4886,27.3504],[-114.488,27.2287],[-114.4349,27.2098],[-114.4154,27.1689],[-114.3963,27.1826],[-114.3622,27.1634],[-114.2918,27.1432],[-114.252,27.1519],[-114.1949,27.1427],[-114.1251,27.1119],[-114.0612,27.052],[-114.0522,27.0208],[-114.0028,26.9714],[-113.947,26.9994],[-113.8719,26.9797],[-113.8082,26.9404],[-113.7818,26.9122],[-113.7415,26.8271],[-113.7151,26.7902],[-113.6646,26.7793],[-113.6374,26.7293],[-113.5767,26.7052],[-113.5475,26.7202],[-113.5237,26.751],[-113.5105,26.7901],[-113.4284,26.8104],[-113.3627,26.7961],[-113.2831,26.7519],[-113.2684,26.7508],[-113.2687,26.8111],[-113.258,26.839],[-113.2031,26.8511],[-113.2016,26.9175],[-113.1865,26.9722],[-113.163,26.9875],[-113.1375,26.9348],[-113.1309,26.8932],[-113.148,26.8453],[-113.2001,26.8058],[-113.2097,26.7624],[-113.1699,26.7765],[-113.1702,26.8031],[-113.1236,26.8101],[-113.1505,26.772],[-113.1302,26.7262],[-113.0729,26.6598],[-113.0618,26.5992],[-112.9732,26.5326],[-112.8854,26.4834],[-112.7899,26.4075],[-112.7129,26.3585],[-112.6731,26.3197],[-112.6247,26.3151],[-112.5767,26.2787],[-112.4923,26.232],[-112.4606,26.2624],[-112.4152,26.2486],[-112.3868,26.2262],[-112.3396,26.17],[-112.3182,26.1232],[-112.3083,26.0721],[-112.2342,26.0367],[-112.1952,25.9937],[-112.1616,25.8982],[-112.1117,25.7951],[-112.0998,25.7488],[-112.0987,25.6923],[-112.0692,25.6616],[-112.0619,25.5886],[-112.0765,25.5584],[-112.0633,25.5218],[-112.0834,25.5058],[-112.0889,25.4431],[-112.0675,25.4316],[-112.0949,25.3777],[-112.0722,25.322],[-112.0774,25.2422],[-112.1053,25.2383],[-112.1465,25.1468],[-112.1569,25.0962],[-112.1201,25.0726],[-112.1223,25.0387],[-112.1465,24.9854],[-112.1696,24.87],[-112.189,24.8447],[-112.1415,24.8328],[-112.1161,24.8489],[-112.0912,24.833],[-112.1017,24.8036],[-112.0771,24.765],[-112.0077,24.7384],[-111.9365,24.739],[-111.9021,24.7092],[-111.8411,24.6387],[-111.8161,24.5732],[-111.7941,24.5457],[-111.6995,24.5378],[-111.6922,24.5846],[-111.6576,24.5699],[-111.6289,24.5159],[-111.606,24.4343],[-111.5644,24.4133],[-111.5277,24.4109],[-111.4413,24.3259],[-111.3697,24.2927],[-111.2505,24.2303],[-111.1731,24.1822],[-111.1145,24.1537],[-111.0273,24.0978],[-111.0061,24.071],[-110.9563,24.0368],[-110.853,23.9437],[-110.7817,23.8745],[-110.6833,23.7687],[-110.6143,23.7098],[-110.5516,23.6704],[-110.3861,23.6],[-110.3265,23.5582],[-110.2627,23.4754],[-110.205,23.3686],[-110.164,23.3071],[-110.1535,23.2297],[-110.1301,23.1389],[-110.1144,23.1002],[-110.0987,23.0194],[-110.0613,22.9499],[-110.0122,22.9006],[-109.9639,22.8722],[-109.9251,22.872],[-109.8919,22.8958],[-109.8568,22.8986],[-109.8164,22.9268],[-109.7989,22.9608],[-109.7134,23.0069],[-109.7131,23.0315],[-109.6688,23.0603],[-109.6081,23.0813],[-109.5766,23.0841],[-109.495,23.1505],[-109.459,23.1961],[-109.4363,23.2456],[-109.4254,23.3048],[-109.4323,23.3771],[-109.4133,23.3884],[-109.432,23.4216],[-109.425,23.4503],[-109.4794,23.5192],[-109.4752,23.5598],[-109.5276,23.5874],[-109.5756,23.6],[-109.6094,23.6205],[-109.674,23.6441],[-109.6971,23.6626],[-109.7122,23.7289],[-109.6994,23.799],[-109.7728,23.8747],[-109.8269,23.9129],[-109.8381,23.9337],[-109.8357,23.9851],[-109.8045,24.0209],[-109.827,24.0607],[-109.8813,24.0385],[-109.9297,24.0287],[-109.9886,24.0502],[-109.9938,24.108],[-110.0082,24.1594],[-110.0724,24.2],[-110.1752,24.253],[-110.1931,24.2929],[-110.2356,24.3173],[-110.2342,24.3441],[-110.2835,24.3534],[-110.3328,24.329],[-110.3368,24.3094],[-110.3002,24.2154],[-110.3032,24.1785],[-110.3518,24.1426],[-110.3497,24.1145],[-110.4173,24.1093],[-110.4312,24.1466],[-110.4237,24.1748],[-110.5602,24.2113],[-110.6071,24.2519],[-110.641,24.3156],[-110.6813,24.3569],[-110.6932,24.4063],[-110.687,24.4629],[-110.7292,24.5145],[-110.7382,24.5527],[-110.7402,24.6201],[-110.7185,24.6878],[-110.6943,24.7013],[-110.6824,24.7448],[-110.6651,24.7661],[-110.6574,24.8071],[-110.6848,24.8576],[-110.6855,24.8844],[-110.7498,24.966],[-110.7598,25.0132],[-110.7899,25.0359],[-110.8155,25.0344],[-110.8287,25.0631],[-110.8631,25.0807],[-110.8799,25.1263],[-110.9076,25.1458],[-110.9206,25.2056],[-110.9462,25.2566],[-110.9368,25.2917],[-110.9796,25.3414],[-111.0039,25.4164],[-111.0251,25.4446],[-111.0168,25.5149],[-111.1157,25.5251],[-111.1453,25.5656],[-111.1648,25.5732],[-111.1936,25.6138],[-111.1998,25.6548],[-111.2254,25.7261],[-111.3038,25.7706],[-111.3072,25.8114],[-111.33,25.8324],[-111.3409,25.8727],[-111.3369,25.908],[-111.3588,25.9592],[-111.3385,25.9873],[-111.3458,26.0272],[-111.3191,26.0765],[-111.3241,26.1],[-111.3545,26.1296],[-111.3609,26.1674],[-111.3977,26.2551],[-111.3835,26.2809],[-111.3966,26.3409],[-111.4341,26.3621],[-111.4328,26.3799],[-111.4699,26.4145],[-111.4717,26.4621],[-111.4528,26.5155],[-111.4672,26.5353],[-111.5033,26.5304],[-111.5554,26.5506],[-111.5707,26.5726],[-111.5618,26.6902],[-111.5735,26.7044],[-111.6481,26.7454],[-111.6678,26.7729],[-111.7218,26.8068],[-111.7483,26.846],[-111.8221,26.8962],[-111.8461,26.882],[-111.8279,26.8282],[-111.8086,26.7161],[-111.7948,26.6885],[-111.7662,26.6768],[-111.6774,26.5888],[-111.6944,26.5661],[-111.7402,26.5391],[-111.7789,26.5647],[-111.7945,26.6031],[-111.8211,26.6352],[-111.8502,26.6498],[-111.8636,26.694],[-111.9096,26.7201],[-111.8917,26.763],[-111.8621,26.7841],[-111.8717,26.8282],[-111.9504,26.8915],[-111.9763,26.9369],[-112.0081,26.9579],[-112.0097,27.0262],[-111.9699,27.0701],[-112.0184,27.1196],[-112.0882,27.1308],[-112.1566,27.1616],[-112.2128,27.221],[-112.1982,27.2416],[-112.2432,27.3259],[-112.3032,27.3851],[-112.3181,27.4283],[-112.3312,27.5176],[-112.3722,27.5632],[-112.4238,27.5919],[-112.461,27.5972],[-112.4869,27.6209],[-112.5294,27.6377],[-112.5954,27.6505],[-112.644,27.7104],[-112.661,27.7094],[-112.7016,27.7518],[-112.7207,27.8182],[-112.7714,27.862],[-112.7622,27.8926],[-112.7668,27.9403],[-112.7564,27.9679],[-112.7649,28],[-113.4137,28],[-114.0628,28],[-114.0731,27.9931],[-114.0867,28],[-114.0972,28]]]]},"properties":{"shapeName":"Baja California Sur","shapeISO":"MX-BCS","shapeID":"31927357B33389180120223","shapeGroup":"MEX","shapeType":"ADM1"}},
{"type":"Feature","geometry":{"type":"MultiPolygon","coordinates":[[[[-91.5303,18.7803],[-91.6994,18.7053],[-91.7181,18.6888],[-91.7844,18.6686],[-91.8401,18.6643],[-91.8313,18.6312],[-91.7677,18.638],[-91.6416,18.7102],[-91.6195,18.7334],[-91.572,18.7471],[-91.5493,18.7394],[-91.5303,18.7803]]],[[[-89.2966,19.5512],[-89.4125,19.6494],[-89.4481,19.6984],[-89.4683,19.7002],[-89.4759,19.7712],[-89.5257,19.7756],[-89.5875,19.8744],[-89.5868,19.9205],[-89.6047,19.9383],[-89.5987,19.9982],[-89.7485,20.1793],[-89.794,20.1362],[-89.8025,20.2016],[-89.8462,20.2097],[-89.8407,20.251],[-89.8757,20.2531],[-89.8724,20.2876],[-89.838,20.2872],[-90.0042,20.487],[-90.0417,20.4665],[-90.0672,20.4252],[-90.101,20.4253],[-90.1293,20.4404],[-90.1863,20.4369],[-90.1848,20.461],[-90.2342,20.4705],[-90.2238,20.5192],[-90.2346,20.5453],[-90.3352,20.5413],[-90.3866,20.5556],[-90.3814,20.848],[-90.386,20.8177],[-90.4113,20.759],[-90.4311,20.7466],[-90.4421,20.7121],[-90.446,20.6478],[-90.4576,20.6039],[-90.4821,20.5578],[-90.5024,20.496],[-90.5026,20.4643],[-90.4836,20.377],[-90.4933,20.3492],[-90.492,20.273],[-90.4793,20.2082],[-90.4949,20.1614],[-90.4788,20.1135],[-90.491,20.0609],[-90.4626,20.0139],[-90.4706,19.986],[-90.4541,19.9652],[-90.4617,19.9309],[-90.5078,19.867],[-90.6239,19.7933],[-90.6615,19.7585],[-90.6708,19.7175],[-90.7067,19.6758],[-90.6879,19.6115],[-90.7115,19.5627],[-90.7054,19.4619],[-90.7252,19.4012],[-90.7245,19.3583],[-90.7735,19.292],[-90.9098,19.176],[-90.9954,19.1182],[-91.0811,19.0675],[-91.128,19.0259],[-91.2232,18.9739],[-91.3156,18.9351],[-91.2947,18.9203],[-91.3625,18.8776],[-91.3605,18.8459],[-91.3834,18.8299],[-91.3629,18.7847],[-91.3271,18.767],[-91.2913,18.7964],[-91.2488,18.7616],[-91.2371,18.7277],[-91.2487,18.6831],[-91.2808,18.6492],[-91.2376,18.6212],[-91.2936,18.6081],[-91.3087,18.5587],[-91.3668,18.5443],[-91.487,18.4996],[-91.4751,18.4776],[-91.4883,18.4544],[-91.581,18.442],[-91.7046,18.4635],[-91.7602,18.4843],[-91.7461,18.436],[-91.7702,18.4327],[-91.7629,18.3745],[-91.8105,18.3678],[-91.8296,18.3305],[-91.858,18.352],[-91.8279,18.3898],[-91.8382,18.4091],[-91.8128,18.4415],[-91.8193,18.4565],[-91.8003,18.4943],[-91.8506,18.505],[-91.8572,18.5262],[-91.8982,18.5438],[-91.9945,18.5151],[-92.0226,18.5307],[-92.0299,18.5845],[-92.0807,18.5615],[-92.1354,18.5793],[-92.1456,18.5591],[-92.1797,18.5443],[-92.2296,18.5521],[-92.2157,18.601],[-92.1673,18.6079],[-92.1373,18.5961],[-92.1191,18.6166],[-92.0628,18.6208],[-92.0542,18.5834],[-92.029,18.5872],[-92.0116,18.5637],[-91.9734,18.5754],[-91.9415,18.6158],[-91.919,18.5742],[-91.882,18.5627],[-91.8555,18.6114],[-91.9106,18.6373],[-91.9569,18.6974],[-92.0075,18.6985],[-92.2099,18.6789],[-92.3406,18.6708],[-92.4667,18.6514],[-92.4634,18.6338],[-92.4644,18.6172],[-92.452,18.605],[-92.4248,18.5546],[-92.4226,18.5359],[-92.4255,18.515],[-92.4119,18.4862],[-92.3838,18.4784],[-92.3744,18.4695],[-92.3651,18.4653],[-92.3596,18.4582],[-92.3604,18.4469],[-92.3496,18.4434],[-92.3399,18.4568],[-92.331,18.4611],[-92.3082,18.4572],[-92.1761,18.4582],[-92.1774,18.3759],[-92.1714,18.339],[-92.1793,18.2687],[-92.1489,18.2104],[-92.1644,18.1979],[-92.1609,18.1554],[-92.1225,18.1028],[-92.091,18.0928],[-92.0396,18.0991],[-92.0134,18.053],[-91.9781,18.044],[-91.9662,18.0159],[-91.9097,18.0138],[-91.8672,17.9833],[-91.8046,17.9726],[-91.7712,17.9444],[-91.7395,17.9352],[-91.6388,17.874],[-91.6196,17.9192],[-91.6197,18.0076],[-91.6095,18.0984],[-91.5953,18.1252],[-91.5528,18.1582],[-91.5165,18.1305],[-91.4383,18.0845],[-91.327,18.0627],[-91.2532,18.0093],[-91.2175,17.975],[-91.1447,17.9752],[-91.1202,17.9634],[-90.988,17.9625],[-90.9876,17.8155],[-90.4811,17.8153],[-90.1267,17.8166],[-89.9883,17.8155],[-89.5471,17.8152],[-89.1522,17.8156],[-89.152,17.9404],[-89.2059,17.9541],[-89.2067,18.0211],[-89.163,18.0185],[-89.1634,18.0579],[-89.1444,18.0824],[-89.2025,18.0833],[-89.2002,18.1446],[-89.1431,18.1458],[-89.1429,18.2242],[-89.1581,18.2213],[-89.1517,18.2936],[-89.1324,18.2934],[-89.1382,18.3855],[-89.1212,18.3858],[-89.1255,18.4506],[-89.1502,18.4511],[-89.1513,18.724],[-89.1444,18.7559],[-89.1486,18.8773],[-89.1471,18.995],[-89.1358,19.1324],[-89.147,19.1332],[-89.1467,19.4239],[-89.2966,19.5512]]]]},"properties":{"shapeName":"Campeche","shapeISO":"MX-CAM","shapeID":"31927357B84428150771724","shapeGroup":"MEX","shapeType":"ADM1"}},
{"type":"Feature","geometry":{"type":"Polygon","coordinates":[[[-93.2765,17.9825],[-93.2981,17.9471],[-93.3409,17.9303],[-93.35,17.8826],[-93.3353,17.8462],[-93.3528,17.7637],[-93.3816,17.7485],[-93.3532,17.6968],[-93.3563,17.648],[-93.3824,17.6448],[-93.4083,17.6182],[-93.417,17.5883],[-93.441,17.5857],[-93.4505,17.5456],[-93.4755,17.5524],[-93.4862,17.5408],[-93.4838,17.5267],[-93.4955,17.5061],[-93.4793,17.4712],[-93.4651,17.4543],[-93.4203,17.439],[-93.4263,17.3768],[-93.3909,17.3762],[-93.4138,17.3503],[-93.4688,17.3444],[-93.4932,17.3751],[-93.5299,17.3601],[-93.5149,17.3451],[-93.5462,17.3037],[-93.5391,17.3001],[-93.5345,17.2906],[-93.5403,17.2825],[-93.5262,17.2408],[-93.5548,17.2204],[-93.5753,17.2227],[-93.5788,17.2144],[-93.5771,17.2052],[-93.5946,17.1912],[-93.593,17.1661],[-93.5327,17.1668],[-93.4974,17.1524],[-93.4668,17.1102],[-93.4427,17.1001],[-93.4435,17.0687],[-93.476,17.0654],[-93.512,17.0908],[-93.5062,17.1167],[-93.5692,17.1151],[-93.62,17.1424],[-93.656,17.1394],[-93.7209,17.1673],[-93.7793,17.1388],[-93.7785,17.1155],[-93.8013,17.097],[-93.7945,17.068],[-93.8167,17.0507],[-93.8537,17.1087],[-93.8322,17.12],[-93.8218,17.1614],[-93.762,17.1728],[-93.7774,17.1988],[-93.7579,17.2201],[-93.704,17.2064],[-93.6775,17.2143],[-93.6045,17.1741],[-93.5952,17.1932],[-93.5795,17.206],[-93.5812,17.2145],[-93.5766,17.2244],[-93.5716,17.2257],[-93.5568,17.2217],[-93.5285,17.2412],[-93.5416,17.2781],[-93.5383,17.2952],[-93.5463,17.2986],[-93.5493,17.3123],[-93.5352,17.3205],[-93.5183,17.3463],[-93.5428,17.3459],[-93.5446,17.3642],[-93.5227,17.3639],[-93.4929,17.3777],[-93.4681,17.3497],[-93.4159,17.3603],[-93.4472,17.3981],[-93.4668,17.455],[-93.4841,17.4751],[-93.4963,17.4997],[-93.4958,17.5099],[-93.4858,17.5267],[-93.4892,17.5381],[-93.5044,17.4975],[-93.511,17.4484],[-93.6079,17.3149],[-93.6381,17.2909],[-93.6644,17.2862],[-93.6627,17.2563],[-93.6957,17.2472],[-93.7725,17.2458],[-93.8038,17.2249],[-93.8271,17.1725],[-93.8609,17.1637],[-93.8674,17.137],[-93.9942,16.8228],[-94.1392,16.4618],[-94.0507,16.3297],[-94.033,16.2759],[-94.0485,16.2162],[-94.1096,16.1791],[-94.1029,16.1431],[-94.0858,16.1241],[-93.9818,16.0938],[-93.8998,16.0848],[-93.8712,16.0519],[-93.854,16.0131],[-93.8719,15.9856],[-93.8684,15.9625],[-93.7726,15.911],[-93.6946,15.863],[-93.543,15.7562],[-93.4271,15.6664],[-93.3354,15.5995],[-93.3197,15.5803],[-93.1623,15.4447],[-93.0212,15.3166],[-92.864,15.1676],[-92.807,15.1881],[-92.7569,15.1666],[-92.771,15.1503],[-92.8328,15.1687],[-92.8517,15.1505],[-92.6627,14.9601],[-92.5127,14.8019],[-92.3605,14.6568],[-92.2295,14.5351],[-92.1833,14.5777],[-92.1814,14.6142],[-92.146,14.6626],[-92.1478,14.7187],[-92.1702,14.7446],[-92.1609,14.773],[-92.1848,14.8283],[-92.1706,14.8617],[-92.1364,14.8913],[-92.1508,14.9869],[-92.1355,15.0122],[-92.1008,15.0114],[-92.0736,15.0459],[-92.0747,15.0893],[-92.2106,15.2614],[-91.9568,15.6943],[-91.7314,16.074],[-91.071,16.0743],[-90.442,16.0743],[-90.4589,16.1096],[-90.4304,16.1207],[-90.448,16.155],[-90.458,16.2078],[-90.4417,16.2867],[-90.4162,16.3056],[-90.3998,16.3395],[-90.4022,16.407],[-90.4208,16.4249],[-90.4588,16.421],[-90.5014,16.4663],[-90.5278,16.4577],[-90.5448,16.4816],[-90.5867,16.4695],[-90.6178,16.5219],[-90.6462,16.5187],[-90.6413,16.5681],[-90.6547,16.5959],[-90.6584,16.6407],[-90.68,16.6833],[-90.7082,16.7171],[-90.762,16.7621],[-90.8041,16.7738],[-90.8125,16.7969],[-90.8554,16.7956],[-90.8804,16.8226],[-90.9173,16.8192],[-90.9593,16.8631],[-90.9589,16.895],[-91.0072,16.8838],[-91.0672,16.9012],[-91.0657,16.9209],[-91.1237,16.9828],[-91.1232,17.0035],[-91.1753,17.0157],[-91.2137,17.0529],[-91.2345,17.1006],[-91.2675,17.1083],[-91.2641,17.1561],[-91.2791,17.1796],[-91.3245,17.1827],[-91.4288,17.2185],[-91.4397,17.251],[-91.4252,17.3023],[-91.3903,17.2993],[-91.3847,17.3196],[-91.4168,17.3456],[-91.4198,17.3741],[-91.4565,17.3757],[-91.505,17.3995],[-91.5588,17.4005],[-91.6069,17.4169],[-91.6349,17.4365],[-91.672,17.4441],[-91.6709,17.4745],[-91.6522,17.4922],[-91.6343,17.5346],[-91.6388,17.5815],[-91.6636,17.6122],[-91.6528,17.6386],[-91.6585,17.6748],[-91.7444,17.7067],[-91.7679,17.7031],[-91.8307,17.7377],[-91.7886,17.7565],[-91.7908,17.8142],[-91.7819,17.8543],[-91.8044,17.8689],[-91.8093,17.8968],[-91.8497,17.8829],[-91.8942,17.8875],[-91.9913,17.9196],[-92.0525,17.8672],[-92.0905,17.8566],[-92.1055,17.8129],[-92.136,17.779],[-92.172,17.7866],[-92.2293,17.7456],[-92.2746,17.6923],[-92.3373,17.7121],[-92.3499,17.7028],[-92.3507,17.6179],[-92.4368,17.5701],[-92.4676,17.5771],[-92.52,17.573],[-92.5301,17.55],[-92.5714,17.5496],[-92.597,17.5204],[-92.5941,17.493],[-92.6243,17.4659],[-92.6682,17.4567],[-92.6788,17.3785],[-92.7295,17.3481],[-92.7542,17.3433],[-92.7671,17.3812],[-92.7908,17.405],[-92.8294,17.4086],[-92.8196,17.4327],[-92.8283,17.4705],[-92.8499,17.469],[-92.8598,17.5003],[-92.8874,17.5105],[-92.9392,17.5024],[-92.9926,17.53],[-93.0044,17.5776],[-93.0405,17.6098],[-93.0455,17.6591],[-93.0378,17.7049],[-93.0577,17.7205],[-93.0426,17.7684],[-93.0122,17.7985],[-93.0431,17.8426],[-93.0941,17.8412],[-93.1318,17.8523],[-93.1008,17.906],[-93.1291,17.9079],[-93.1451,17.9324],[-93.1831,17.9403],[-93.2074,17.9606],[-93.23,17.949],[-93.2765,17.9825]]]},"properties":{"shapeName":"Chiapas","shapeISO":"MX-CHP","shapeID":"31927357B65177449444732","shapeGroup":"MEX","shapeType":"ADM1"}},
{"type":"Feature","geometry":{"type":"Polygon","coordinates":[[[-103.3076,29.0032],[-103.3274,29.0161],[-103.4156,29.0376],[-103.5251,29.1374],[-103.5575,29.1558],[-103.5935,29.1503],[-103.6116,29.1652],[-103.7186,29.1809],[-103.7435,29.2156],[-103.7763,29.2207],[-103.7754,29.248],[-103.8137,29.2743],[-103.9734,29.2961],[-104.0379,29.3199],[-104.1229,29.3803],[-104.1679,29.3955],[-104.1955,29.4414],[-104.2175,29.4561],[-104.2091,29.4814],[-104.2731,29.5163],[-104.3531,29.5287],[-104.4097,29.5697],[-104.4487,29.5878],[-104.456,29.6079],[-104.5442,29.6807],[-104.5506,29.7391],[-104.5667,29.7721],[-104.6105,29.8194],[-104.6157,29.8464],[-104.6838,29.9291],[-104.6821,29.9693],[-104.7066,30.0506],[-104.6862,30.0848],[-104.6973,30.1354],[-104.6873,30.1799],[-104.7338,30.2612],[-104.7578,30.2714],[-104.762,30.3014],[-104.8113,30.3327],[-104.8117,30.3667],[-104.8592,30.3904],[-104.8722,30.5107],[-104.909,30.5843],[-104.927,30.6046],[-104.9717,30.61],[-104.9869,30.6628],[-105.0069,30.6858],[-105.0546,30.6821],[-105.0985,30.7165],[-105.1188,30.7497],[-105.1617,30.7524],[-105.2178,30.8058],[-105.2564,30.7944],[-105.2998,30.825],[-105.3877,30.8537],[-105.4162,30.9003],[-105.4993,30.9508],[-105.533,30.9846],[-105.5576,30.99],[-105.5789,31.0212],[-105.6041,31.0833],[-105.6485,31.1155],[-105.711,31.137],[-105.7431,31.1646],[-105.7726,31.1662],[-105.797,31.2048],[-105.8749,31.2912],[-105.9325,31.3127],[-105.9541,31.3645],[-106.0048,31.3927],[-106.0802,31.3985],[-106.1331,31.4255],[-106.2196,31.4815],[-106.2471,31.5425],[-106.2811,31.5626],[-106.3032,31.6218],[-106.3494,31.6959],[-106.3816,31.7324],[-106.4507,31.7642],[-106.4876,31.7477],[-106.5285,31.7838],[-106.9739,31.7837],[-107.3425,31.7838],[-107.7239,31.7833],[-108.2084,31.7838],[-108.2085,31.3334],[-108.7559,31.3324],[-108.8172,31.239],[-108.8798,31.2388],[-108.835,31.1693],[-108.8456,31.1356],[-108.77,31.1025],[-108.7662,31.0736],[-108.7401,31.0471],[-108.6844,31.0337],[-108.6838,31.006],[-108.8033,31.0048],[-108.8024,30.9041],[-108.9392,30.9076],[-108.9298,30.861],[-108.9355,30.7736],[-108.919,30.7394],[-108.8869,30.7193],[-108.8669,30.6894],[-108.8765,30.6246],[-108.8306,30.6017],[-108.7274,30.5805],[-108.6874,30.5548],[-108.662,30.5219],[-108.6571,30.4703],[-108.6038,30.4651],[-108.6136,30.4357],[-108.6487,30.4169],[-108.6198,30.3748],[-108.6221,30.3403],[-108.58,30.3375],[-108.5422,30.2835],[-108.5505,30.2666],[-108.6202,30.2982],[-108.6069,30.0286],[-108.6229,29.9505],[-108.6072,29.8471],[-108.6348,29.8321],[-108.6294,29.8063],[-108.6017,29.7971],[-108.5413,29.7961],[-108.535,29.7514],[-108.5925,29.7176],[-108.6591,29.7161],[-108.6183,29.6605],[-108.655,29.6494],[-108.6447,29.6275],[-108.6383,29.5583],[-108.6623,29.5445],[-108.644,29.4888],[-108.6896,29.484],[-108.7178,29.466],[-108.7036,29.4085],[-108.6697,29.3074],[-108.6822,29.2674],[-108.7303,29.2691],[-108.7501,29.2567],[-108.7354,29.2177],[-108.7539,29.2001],[-108.6985,29.1277],[-108.7296,29.0965],[-108.6981,28.9363],[-108.7068,28.8843],[-108.6871,28.8757],[-108.6433,28.7651],[-108.5838,28.7401],[-108.5802,28.6324],[-108.5614,28.5912],[-108.5313,28.5567],[-108.5155,28.4263],[-108.489,28.3751],[-108.5196,28.3348],[-108.5509,28.3181],[-108.6035,28.3476],[-108.6362,28.3352],[-108.6355,28.3063],[-108.6872,28.3035],[-108.751,28.2716],[-108.8693,28.257],[-108.9614,28.262],[-108.9871,28.2778],[-109.0407,28.267],[-109.0749,28.2726],[-109.062,28.1992],[-109.0729,28.1486],[-109.0489,28.0927],[-109.0319,28.0183],[-108.9917,27.98],[-108.9637,27.9725],[-108.9265,27.9406],[-108.9149,27.854],[-108.8691,27.8393],[-108.9203,27.784],[-108.8955,27.7448],[-108.833,27.7443],[-108.766,27.7058],[-108.7493,27.6647],[-108.7542,27.6367],[-108.7399,27.6],[-108.7128,27.5662],[-108.6553,27.5438],[-108.6616,27.4647],[-108.6334,27.4281],[-108.6291,27.3829],[-108.591,27.3181],[-108.6256,27.2892],[-108.6644,27.2394],[-108.6443,27.1788],[-108.6114,27.1541],[-108.597,27.0769],[-108.6023,27.0369],[-108.5518,26.9971],[-108.5025,26.9874],[-108.5044,27.0072],[-108.4643,27.0401],[-108.4137,27.0202],[-108.3501,27.0226],[-108.3166,27.0345],[-108.2816,27.0132],[-108.2504,27.041],[-108.2259,27.0272],[-108.1951,27.0327],[-108.1803,27.0002],[-108.235,26.9586],[-108.2144,26.888],[-108.1396,26.8955],[-108.1442,26.8676],[-108.0941,26.8705],[-108.0268,26.7985],[-108.0376,26.7698],[-108.0057,26.761],[-108.0192,26.7307],[-108.0079,26.6993],[-108.0317,26.668],[-108.0646,26.6474],[-108.0271,26.5985],[-107.961,26.527],[-107.9696,26.4702],[-108.0128,26.439],[-107.8563,26.226],[-107.8399,26.1829],[-107.7889,26.1686],[-107.7807,26.1369],[-107.7133,26.1731],[-107.6963,26.1655],[-107.5654,26.1646],[-107.5433,26.1463],[-107.5239,26.1072],[-107.4968,26.1113],[-107.46,26.1383],[-107.4161,26.1412],[-107.3465,26.1095],[-107.3049,26.0764],[-107.3067,26.0488],[-107.2763,26.002],[-107.28,25.9581],[-107.2961,25.9248],[-107.2425,25.8924],[-107.229,25.8697],[-107.1946,25.8523],[-107.0579,25.7574],[-107.0642,25.7191],[-107.0107,25.6915],[-106.9903,25.7149],[-106.9653,25.6979],[-106.9669,25.6683],[-106.9943,25.6622],[-106.8992,25.6437],[-106.8738,25.5719],[-106.8178,25.5734],[-106.7448,25.5852],[-106.6537,25.5779],[-106.5918,25.6474],[-106.5364,25.676],[-106.556,25.6917],[-106.5601,25.9127],[-106.5473,25.9524],[-106.5015,25.955],[-106.4558,25.9726],[-106.4447,26.0051],[-106.4541,26.0464],[-106.4712,26.0605],[-106.4586,26.1122],[-106.4156,26.1394],[-106.4328,26.204],[-106.3123,26.3488],[-106.2976,26.3965],[-106.2652,26.4241],[-106.242,26.4668],[-106.2552,26.4989],[-106.2807,26.5118],[-106.2412,26.545],[-106.2256,26.6354],[-106.2079,26.6781],[-106.1318,26.7138],[-106.1766,26.7277],[-106.1578,26.771],[-106.1253,26.7794],[-106.1006,26.7593],[-106.065,26.8276],[-106.0473,26.8449],[-105.9392,26.7632],[-105.8941,26.741],[-105.8654,26.7474],[-105.8146,26.691],[-105.7463,26.7139],[-105.6749,26.6177],[-105.601,26.6148],[-105.549,26.5466],[-105.4961,26.5429],[-105.4902,26.5193],[-105.4386,26.5283],[-105.4034,26.5175],[-105.3625,26.532],[-105.3572,26.4856],[-105.3168,26.4623],[-105.2879,26.4889],[-105.2647,26.4621],[-105.1015,26.5214],[-105.0526,26.4298],[-105.0004,26.455],[-104.9631,26.4492],[-104.9323,26.4875],[-104.8989,26.51],[-104.8093,26.5085],[-104.727,26.478],[-104.6773,26.4293],[-104.6541,26.3911],[-104.6201,26.3688],[-104.5939,26.3804],[-104.5745,26.3405],[-104.501,26.4148],[-104.4959,26.4669],[-104.4555,26.5492],[-104.4348,26.6045],[-104.3754,26.6407],[-104.3304,26.6565],[-104.3068,26.7072],[-104.2865,26.7254],[-104.3153,26.7991],[-104.273,26.8423],[-104.2278,26.7772],[-104.1839,26.7736],[-104.0569,26.7482],[-104.0332,26.7744],[-103.995,26.7775],[-103.9938,26.7536],[-103.8613,26.7541],[-103.6991,26.7253],[-103.7506,26.8099],[-103.8517,26.8961],[-103.8359,26.9358],[-103.7846,26.9807],[-103.7799,27.0089],[-103.7458,27.0227],[-103.7525,27.0779],[-103.7835,27.0912],[-103.7994,27.1247],[-103.7984,27.2135],[-103.8198,27.243],[-103.8321,27.2983],[-103.8769,27.3116],[-103.8546,27.5494],[-103.8688,27.6071],[-103.8973,27.6565],[-103.8811,27.7392],[-103.9356,27.7976],[-103.9439,27.8269],[-103.9419,27.9278],[-103.8929,27.914],[-103.8777,27.9575],[-103.9267,27.9714],[-103.8675,28.1121],[-103.7682,28.3004],[-103.7283,28.3565],[-103.643,28.5125],[-103.6479,28.533],[-103.5964,28.6395],[-103.5727,28.6406],[-103.5573,28.6113],[-103.5145,28.665],[-103.4317,28.8132],[-103.4037,28.8693],[-103.3577,28.9203],[-103.3076,29.0032]]]},"properties":{"shapeName":"Chihuahua","shapeISO":"MX-CHH","shapeID":"31927357B49801195703560","shapeGroup":"MEX","shapeType":"ADM1"}},
{"type":"Feature","geometry":{"type":"Polygon","coordinates":[[[-103.6991,26.7253],[-103.6583,26.7195],[-103.637,26.6934],[-103.3742,26.6024],[-103.3168,26.3618],[-103.2608,26.2847],[-103.3505,26.1424],[-103.3464,25.8603],[-103.3186,25.8127],[-103.3264,25.7604],[-103.3648,25.672],[-103.425,25.62],[-103.4547,25.5579],[-103.4944,25.5377],[-103.3691,25.4165],[-103.4623,25.3762],[-103.4985,25.2941],[-103.4968,25.2559],[-103.473,25.25],[-103.4387,25.202],[-103.4029,25.1823],[-103.3595,25.11],[-103.2928,25.0779],[-103.2696,25.0549],[-103.274,25.0209],[-103.2466,24.996],[-103.2591,24.9647],[-103.0929,24.8229],[-103.0334,24.8108],[-103.0051,24.7932],[-102.9233,24.7803],[-102.8564,24.7398],[-102.8531,24.772],[-102.6697,25.0666],[-102.4468,24.9995],[-102.4633,25.1159],[-102.2955,25.1252],[-102.2376,25.1185],[-102.0818,25.0707],[-101.8488,25.0176],[-101.8319,24.9722],[-101.7735,24.8755],[-101.6851,24.84],[-101.6563,24.8608],[-101.6013,24.8356],[-101.6223,24.759],[-101.4616,24.7368],[-101.4022,24.7882],[-101.3421,24.8134],[-101.2017,24.7655],[-101.179,24.733],[-101.1646,24.6816],[-101.1276,24.6234],[-101.0805,24.5912],[-100.9588,24.5427],[-100.9022,24.5839],[-100.8478,24.5556],[-100.7999,24.5562],[-100.8055,24.5963],[-100.797,24.7508],[-100.8261,24.835],[-100.7275,24.9187],[-100.8215,24.9967],[-100.8031,25.1653],[-100.7089,25.2365],[-100.5957,25.2548],[-100.4985,25.2375],[-100.332,25.1863],[-100.3256,25.2223],[-100.2614,25.2071],[-100.2296,25.2179],[-100.2541,25.3069],[-100.3268,25.3404],[-100.391,25.3281],[-100.4701,25.3378],[-100.4519,25.4108],[-100.5227,25.4343],[-100.5309,25.4635],[-100.5849,25.4708],[-100.5795,25.4945],[-100.612,25.5514],[-100.6329,25.5713],[-100.6903,25.5671],[-100.7199,25.6031],[-100.7298,25.6339],[-100.7834,25.6397],[-100.7878,25.6836],[-100.8056,25.7243],[-100.8619,25.8185],[-100.8358,25.8666],[-100.8227,25.9169],[-100.8344,25.945],[-100.9055,25.9569],[-100.9046,26.0087],[-100.9164,26.0756],[-100.9429,26.0868],[-100.9827,26.1395],[-101.0474,26.1698],[-101.0746,26.199],[-101.0917,26.2445],[-101.2068,26.3698],[-101.0789,26.4693],[-100.9051,26.6086],[-100.753,26.7352],[-100.6912,26.6138],[-100.6144,26.6856],[-100.5901,26.7595],[-100.5418,26.806],[-100.5514,26.8587],[-100.5407,26.881],[-100.5453,26.9784],[-100.534,27.0456],[-100.6537,27.0757],[-100.6975,27.1088],[-100.7462,27.0624],[-100.7842,27.0589],[-100.8306,27.0739],[-100.8341,27.1952],[-100.678,27.3348],[-100.4177,27.3936],[-100.3506,27.6846],[-100.1884,27.7991],[-99.9988,27.6153],[-99.9327,27.6744],[-99.8432,27.7699],[-99.8708,27.794],[-99.8759,27.8358],[-99.9011,27.864],[-99.8935,27.8994],[-99.9373,27.9409],[-99.9315,27.9803],[-99.9905,27.9936],[-100.0182,28.0657],[-100.0464,28.0791],[-100.0862,28.1462],[-100.1589,28.1676],[-100.2095,28.1913],[-100.2173,28.2263],[-100.2555,28.2384],[-100.2942,28.2836],[-100.2866,28.3122],[-100.3427,28.3864],[-100.3365,28.4285],[-100.3604,28.4665],[-100.3339,28.4993],[-100.3883,28.5147],[-100.411,28.5498],[-100.3985,28.5851],[-100.4472,28.6092],[-100.4615,28.6408],[-100.5002,28.6617],[-100.512,28.7065],[-100.5074,28.7402],[-100.5381,28.7813],[-100.5351,28.8047],[-100.6108,28.9007],[-100.6515,28.9429],[-100.6457,28.9878],[-100.6644,29.0747],[-100.6846,29.1112],[-100.7088,29.1189],[-100.7761,29.1727],[-100.767,29.1957],[-100.8129,29.2612],[-100.8803,29.2827],[-100.8862,29.3074],[-100.941,29.3335],[-100.9498,29.3477],[-101.0047,29.3653],[-101.0371,29.4065],[-101.0601,29.4585],[-101.1476,29.4745],[-101.1856,29.518],[-101.2363,29.5237],[-101.2609,29.5382],[-101.243,29.5662],[-101.2523,29.6032],[-101.305,29.5773],[-101.3133,29.6038],[-101.3057,29.6542],[-101.3735,29.6775],[-101.4149,29.7526],[-101.451,29.7533],[-101.4534,29.7847],[-101.5022,29.7642],[-101.5398,29.7646],[-101.5353,29.7982],[-101.57,29.796],[-101.5749,29.7693],[-101.6623,29.7712],[-101.7101,29.7618],[-101.7753,29.7891],[-101.8044,29.78],[-101.8491,29.8067],[-101.8841,29.7935],[-101.9544,29.7957],[-101.9817,29.815],[-102.0155,29.7974],[-102.0727,29.7866],[-102.1435,29.8033],[-102.1785,29.8401],[-102.2232,29.8405],[-102.3008,29.8777],[-102.3415,29.8694],[-102.3899,29.7828],[-102.4808,29.7762],[-102.548,29.7446],[-102.5723,29.7592],[-102.6225,29.7363],[-102.674,29.7446],[-102.6986,29.6971],[-102.6933,29.6767],[-102.7362,29.6417],[-102.7402,29.5979],[-102.7762,29.5472],[-102.8083,29.5226],[-102.8064,29.4942],[-102.8304,29.444],[-102.8251,29.3969],[-102.8392,29.3589],[-102.8775,29.3546],[-102.9059,29.2615],[-102.8715,29.2416],[-102.8861,29.2102],[-102.9504,29.1783],[-102.9786,29.1862],[-103.0338,29.1012],[-103.0796,29.0878],[-103.1007,29.0603],[-103.098,29.0268],[-103.1538,28.9715],[-103.2279,28.9917],[-103.3076,29.0032],[-103.3577,28.9203],[-103.4037,28.8693],[-103.4317,28.8132],[-103.5145,28.665],[-103.5573,28.6113],[-103.5727,28.6406],[-103.5964,28.6395],[-103.6479,28.533],[-103.643,28.5125],[-103.7283,28.3565],[-103.7682,28.3004],[-103.8675,28.1121],[-103.9267,27.9714],[-103.8777,27.9575],[-103.8929,27.914],[-103.9419,27.9278],[-103.9439,27.8269],[-103.9356,27.7976],[-103.8811,27.7392],[-103.8973,27.6565],[-103.8688,27.6071],[-103.8546,27.5494],[-103.8769,27.3116],[-103.8321,27.2983],[-103.8198,27.243],[-103.7984,27.2135],[-103.7994,27.1247],[-103.7835,27.0912],[-103.7525,27.0779],[-103.7458,27.0227],[-103.7799,27.0089],[-103.7846,26.9807],[-103.8359,26.9358],[-103.8517,26.8961],[-103.7506,26.8099],[-103.6991,26.7253]]]},"properties":{"shapeName":"Coahuila de Zaragoza","shapeISO":"MX-COA","shapeID":"31927357B32124965101143","shapeGroup":"MEX","shapeType":"ADM1"}},
{"type":"Feature","geometry":{"type":"MultiPolygon","coordinates":[[[[-110.9876,18.8578],[-111.0167,18.8167],[-111.0452,18.8092],[-111.0415,18.7805],[-111.0075,18.749],[-110.9729,18.7424],[-110.9438,18.7187],[-110.922,18.729],[-110.9186,18.7908],[-110.9876,18.8578]]],[[[-103.4886,18.9649],[-103.4968,19.0113],[-103.4885,19.0276],[-103.5265,19.0787],[-103.5196,19.1245],[-103.4986,19.187],[-103.5152,19.2114],[-103.5062,19.2897],[-103.4868,19.3274],[-103.5235,19.3595],[-103.5562,19.407],[-103.6154,19.475],[-103.6183,19.5125],[-103.69,19.4924],[-103.7353,19.4434],[-103.7507,19.4457],[-103.8177,19.4124],[-103.8527,19.4313],[-103.8995,19.4345],[-103.9648,19.4542],[-103.974,19.4746],[-104.0056,19.4723],[-104.0617,19.4977],[-104.0866,19.442],[-104.0709,19.4352],[-104.0902,19.393],[-104.1333,19.3537],[-104.1258,19.3204],[-104.1698,19.313],[-104.1967,19.2966],[-104.2463,19.312],[-104.2922,19.303],[-104.3148,19.2794],[-104.3439,19.2895],[-104.3579,19.2706],[-104.4393,19.278],[-104.4717,19.2288],[-104.5338,19.258],[-104.5705,19.2137],[-104.5748,19.193],[-104.6293,19.1729],[-104.6635,19.1831],[-104.6804,19.1929],[-104.6902,19.1765],[-104.604,19.1509],[-104.4176,19.1055],[-104.3667,19.1191],[-104.3241,19.0976],[-104.2992,19.063],[-104.3297,19.0513],[-104.3353,19.0222],[-104.2998,19.0142],[-104.1608,18.9627],[-103.9832,18.8726],[-103.9484,18.8428],[-103.8367,18.7728],[-103.749,18.6995],[-103.7273,18.7032],[-103.679,18.7732],[-103.638,18.7832],[-103.62,18.8014],[-103.6174,18.8397],[-103.6403,18.8695],[-103.6203,18.893],[-103.5781,18.8753],[-103.5581,18.9066],[-103.5284,18.9123],[-103.4886,18.9649]]]]},"properties":{"shapeName":"Colima","shapeISO":"MX-COL","shapeID":"31927357B75771156097737","shapeGroup":"MEX","shapeType":"ADM1"}},
{"type":"Feature","geometry":{"type":"Polygon","coordinates":[[[-98.979,19.0745],[-98.9575,19.1224],[-98.9524,19.1686],[-98.9765,19.2531],[-98.9579,19.3232],[-98.9919,19.3676],[-99.0581,19.4007],[-99.0465,19.4424],[-99.068,19.4891],[-99.1306,19.5361],[-99.1081,19.5649],[-99.1338,19.5862],[-99.1609,19.5493],[-99.1572,19.5028],[-99.2047,19.5151],[-99.2211,19.4751],[-99.2234,19.4295],[-99.2956,19.3691],[-99.3264,19.3537],[-99.3566,19.3067],[-99.3649,19.2778],[-99.3392,19.2677],[-99.3423,19.2411],[-99.3153,19.2292],[-99.2787,19.1317],[-99.2268,19.0961],[-99.1354,19.0893],[-99.1254,19.0621],[-99.0598,19.0482],[-99.029,19.0854],[-98.979,19.0745]]]},"properties":{"shapeName":"Distrito Federal","shapeISO":"MX-MEX","shapeID":"31927357B79016588373767","shapeGroup":"MEX","shapeType":"ADM1"}},
{"type":"Feature","geometry":{"type":"Polygon","coordinates":[[[-106.9943,25.6622],[-106.9733,25.6296],[-107.11,25.5606],[-107.1701,25.5595],[-107.1663,25.503],[-107.1406,25.4862],[-107.1647,25.4396],[-107.2101,25.4171],[-107.1716,25.3264],[-107.2078,25.3316],[-107.1572,25.2618],[-107.1211,25.2431],[-107.1488,25.2245],[-107.1249,25.1866],[-107.1299,25.0531],[-107.0674,25.0302],[-107.0604,25.0024],[-107.0183,24.9336],[-106.9732,24.9096],[-106.9271,24.8666],[-106.9464,24.8585],[-106.9307,24.8209],[-106.8659,24.823],[-106.7059,24.6653],[-106.6836,24.5985],[-106.6301,24.5065],[-106.5871,24.4926],[-106.5595,24.4696],[-106.5693,24.437],[-106.6016,24.4146],[-106.586,24.379],[-106.528,24.2951],[-106.4697,24.2779],[-106.3675,24.3019],[-106.3278,24.3611],[-106.2689,24.3748],[-106.1525,24.3388],[-106.0758,24.2714],[-106.0699,24.2202],[-106.0439,24.2209],[-106.0286,24.1803],[-105.9897,24.1144],[-106.0036,24.0762],[-105.9987,24.0434],[-105.9666,24.0318],[-105.9085,23.9834],[-105.9454,23.948],[-105.8999,23.9439],[-105.8588,23.9021],[-105.8672,23.8752],[-105.9537,23.9086],[-105.9613,23.8407],[-105.9393,23.7914],[-105.9061,23.7394],[-105.9266,23.6841],[-105.9089,23.5883],[-105.8116,23.611],[-105.8066,23.5889],[-105.7693,23.5565],[-105.751,23.5003],[-105.7234,23.4748],[-105.7389,23.4452],[-105.7003,23.4202],[-105.7173,23.38],[-105.6848,23.2857],[-105.6432,23.2765],[-105.6303,23.2356],[-105.633,23.1734],[-105.644,23.1418],[-105.5976,23.1091],[-105.5543,23.0989],[-105.504,23.1277],[-105.4159,23.1169],[-105.3922,23.0841],[-105.3573,23.0719],[-105.3539,23.0198],[-105.3337,22.9947],[-105.339,22.9664],[-105.3236,22.9413],[-105.2977,22.9542],[-105.1636,22.9539],[-105.076,22.9596],[-105.0138,22.9777],[-104.9969,22.952],[-105.01,22.9224],[-104.9896,22.8914],[-104.9884,22.836],[-104.959,22.8136],[-104.936,22.8265],[-104.9056,22.7996],[-104.9156,22.7485],[-104.8927,22.7374],[-105.0573,22.6881],[-105.0724,22.6565],[-105.0076,22.5857],[-104.9879,22.4987],[-104.9605,22.5053],[-104.8625,22.6071],[-104.8584,22.6483],[-104.8043,22.6487],[-104.7741,22.6325],[-104.7798,22.6033],[-104.7598,22.5687],[-104.7087,22.5546],[-104.67,22.5653],[-104.6558,22.5401],[-104.6553,22.4622],[-104.6026,22.4605],[-104.5821,22.4004],[-104.5513,22.3889],[-104.5359,22.3648],[-104.3715,22.4217],[-104.3488,22.4097],[-104.299,22.4617],[-104.3195,22.5177],[-104.3112,22.554],[-104.2706,22.589],[-104.2883,22.6635],[-104.2744,22.6851],[-104.2663,22.7365],[-104.2373,22.7498],[-104.221,22.7794],[-104.1822,22.7583],[-104.1393,22.7684],[-104.0953,22.7592],[-104.0944,22.8007],[-104.1075,22.8848],[-104.1653,22.9418],[-104.1736,22.9824],[-104.1721,23.1284],[-104.129,23.1822],[-104.1112,23.3512],[-104.0863,23.3986],[-104.066,23.4635],[-103.9253,23.557],[-103.8825,23.5923],[-103.8774,23.629],[-103.8492,23.6401],[-103.8113,23.6136],[-103.7935,23.6309],[-103.7851,23.6766],[-103.8511,23.6796],[-103.841,23.7012],[-103.8624,23.7526],[-103.8203,23.7919],[-103.8326,23.8489],[-103.8531,23.8746],[-103.8308,23.9078],[-103.8233,23.953],[-103.8503,23.9888],[-103.8431,24.027],[-103.8103,24.0401],[-103.6952,24.1303],[-103.6604,24.1493],[-103.636,24.1103],[-103.6058,24.1512],[-103.5661,24.1852],[-103.5565,24.242],[-103.5683,24.2864],[-103.5068,24.288],[-103.4368,24.347],[-103.4193,24.4305],[-103.3862,24.423],[-103.3104,24.4339],[-103.2826,24.4288],[-103.2453,24.445],[-103.2228,24.4171],[-103.1653,24.4352],[-103.0985,24.4016],[-103.0432,24.4665],[-102.9836,24.4333],[-102.9674,24.4577],[-102.9001,24.4285],[-102.8919,24.4611],[-102.8539,24.4244],[-102.8317,24.3847],[-102.7889,24.4062],[-102.7567,24.377],[-102.704,24.3741],[-102.6118,24.4],[-102.6066,24.4112],[-102.5339,24.4077],[-102.487,24.4442],[-102.4798,24.4904],[-102.4946,24.6126],[-102.5122,24.7097],[-102.5492,24.8299],[-102.5654,24.8664],[-102.5662,24.9022],[-102.6731,24.9428],[-102.673,24.9788],[-102.643,24.9786],[-102.6289,25.0083],[-102.6697,25.0666],[-102.8531,24.772],[-102.8564,24.7398],[-102.9233,24.7803],[-103.0051,24.7932],[-103.0334,24.8108],[-103.0929,24.8229],[-103.2591,24.9647],[-103.2466,24.996],[-103.274,25.0209],[-103.2696,25.0549],[-103.2928,25.0779],[-103.3595,25.11],[-103.4029,25.1823],[-103.4387,25.202],[-103.473,25.25],[-103.4968,25.2559],[-103.4985,25.2941],[-103.4623,25.3762],[-103.3691,25.4165],[-103.4944,25.5377],[-103.4547,25.5579],[-103.425,25.62],[-103.3648,25.672],[-103.3264,25.7604],[-103.3186,25.8127],[-103.3464,25.8603],[-103.3505,26.1424],[-103.2608,26.2847],[-103.3168,26.3618],[-103.3742,26.6024],[-103.637,26.6934],[-103.6583,26.7195],[-103.6991,26.7253],[-103.8613,26.7541],[-103.9938,26.7536],[-103.995,26.7775],[-104.0332,26.7744],[-104.0569,26.7482],[-104.1839,26.7736],[-104.2278,26.7772],[-104.273,26.8423],[-104.3153,26.7991],[-104.2865,26.7254],[-104.3068,26.7072],[-104.3304,26.6565],[-104.3754,26.6407],[-104.4348,26.6045],[-104.4555,26.5492],[-104.4959,26.4669],[-104.501,26.4148],[-104.5745,26.3405],[-104.5939,26.3804],[-104.6201,26.3688],[-104.6541,26.3911],[-104.6773,26.4293],[-104.727,26.478],[-104.8093,26.5085],[-104.8989,26.51],[-104.9323,26.4875],[-104.9631,26.4492],[-105.0004,26.455],[-105.0526,26.4298],[-105.1015,26.5214],[-105.2647,26.4621],[-105.2879,26.4889],[-105.3168,26.4623],[-105.3572,26.4856],[-105.3625,26.532],[-105.4034,26.5175],[-105.4386,26.5283],[-105.4902,26.5193],[-105.4961,26.5429],[-105.549,26.5466],[-105.601,26.6148],[-105.6749,26.6177],[-105.7463,26.7139],[-105.8146,26.691],[-105.8654,26.7474],[-105.8941,26.741],[-105.9392,26.7632],[-106.0473,26.8449],[-106.065,26.8276],[-106.1006,26.7593],[-106.1253,26.7794],[-106.1578,26.771],[-106.1766,26.7277],[-106.1318,26.7138],[-106.2079,26.6781],[-106.2256,26.6354],[-106.2412,26.545],[-106.2807,26.5118],[-106.2552,26.4989],[-106.242,26.4668],[-106.2652,26.4241],[-106.2976,26.3965],[-106.3123,26.3488],[-106.4328,26.204],[-106.4156,26.1394],[-106.4586,26.1122],[-106.4712,26.0605],[-106.4541,26.0464],[-106.4447,26.0051],[-106.4558,25.9726],[-106.5015,25.955],[-106.5473,25.9524],[-106.5601,25.9127],[-106.556,25.6917],[-106.5364,25.676],[-106.5918,25.6474],[-106.6537,25.5779],[-106.7448,25.5852],[-106.8178,25.5734],[-106.8738,25.5719],[-106.8992,25.6437],[-106.9943,25.6622]]]},"properties":{"shapeName":"Durango","shapeISO":"MX-DUR","shapeID":"31927357B5285092776894","shapeGroup":"MEX","shapeType":"ADM1"}},
{"type":"Feature","geometry":{"type":"Polygon","coordinates":[[[-99.7773,21.495],[-99.8171,21.4617],[-99.8349,21.4781],[-99.867,21.4735],[-99.9052,21.4482],[-99.9432,21.4618],[-99.9651,21.5051],[-99.9568,21.5262],[-100.0623,21.5233],[-100.0758,21.5579],[-100.125,21.5935],[-100.1671,21.6341],[-100.2223,21.6657],[-100.2463,21.6649],[-100.2721,21.6873],[-100.3221,21.6821],[-100.3514,21.6917],[-100.3986,21.6747],[-100.4513,21.6666],[-100.4715,21.5876],[-100.466,21.5429],[-100.534,21.5423],[-100.582,21.5261],[-100.6143,21.5331],[-100.6575,21.5247],[-100.6812,21.5475],[-100.7176,21.5502],[-100.7505,21.5803],[-100.8577,21.619],[-100.8343,21.6646],[-100.9024,21.682],[-100.9381,21.7205],[-100.982,21.7535],[-101.0592,21.7655],[-101.1361,21.7532],[-101.1613,21.7575],[-101.2198,21.8022],[-101.2172,21.8161],[-101.2815,21.8215],[-101.3195,21.8353],[-101.3653,21.8394],[-101.4227,21.825],[-101.4739,21.8274],[-101.4963,21.8099],[-101.5105,21.7991],[-101.5388,21.7773],[-101.5823,21.7727],[-101.5797,21.7364],[-101.5577,21.7351],[-101.5848,21.6702],[-101.5952,21.6035],[-101.62,21.5411],[-101.6413,21.5266],[-101.589,21.4649],[-101.5804,21.4283],[-101.6795,21.3895],[-101.6428,21.3551],[-101.6432,21.2993],[-101.7597,21.2676],[-101.7873,21.1564],[-101.8334,21.1373],[-101.8375,21.0968],[-101.8713,21.0953],[-101.8929,21.0558],[-101.9087,20.9986],[-101.9631,20.9225],[-102.0033,20.8977],[-102.0386,20.8474],[-102.0799,20.8291],[-102.0959,20.7801],[-102.0736,20.7488],[-102.0144,20.7171],[-102.0138,20.6644],[-101.9702,20.658],[-101.958,20.6267],[-101.9593,20.5868],[-101.984,20.535],[-101.9988,20.5456],[-102.0476,20.4532],[-102.0713,20.4338],[-102.0963,20.3841],[-102.0218,20.363],[-101.969,20.3603],[-101.9599,20.3051],[-101.9369,20.2815],[-101.9449,20.2551],[-101.9323,20.2259],[-101.8862,20.1955],[-101.8339,20.2248],[-101.8091,20.2044],[-101.6731,20.2126],[-101.6247,20.3146],[-101.5708,20.3159],[-101.5533,20.3325],[-101.5011,20.3117],[-101.4802,20.3302],[-101.4549,20.3179],[-101.4559,20.2672],[-101.4206,20.2752],[-101.3953,20.2485],[-101.3526,20.2349],[-101.3632,20.1958],[-101.4199,20.2016],[-101.4225,20.1632],[-101.3943,20.0529],[-101.3482,20.0321],[-101.2965,20.0386],[-101.281,20.0275],[-101.2383,20.0321],[-101.2207,20.0114],[-101.1814,20.0534],[-101.1726,20.0849],[-101.1197,20.0735],[-101.0749,20.0884],[-101.0173,20.0857],[-100.9928,20.0649],[-101.014,20.0457],[-100.9827,20.0026],[-100.9794,19.9529],[-100.9644,19.9283],[-100.9356,19.9572],[-100.9016,19.9595],[-100.8358,19.9346],[-100.8243,19.9783],[-100.7921,19.9556],[-100.7788,19.9151],[-100.7437,19.9167],[-100.7188,19.9405],[-100.6604,19.9645],[-100.6176,19.9577],[-100.5956,19.9917],[-100.5579,19.9917],[-100.5795,19.9576],[-100.5268,19.9658],[-100.4982,19.958],[-100.4497,19.9827],[-100.3629,19.9899],[-100.3583,20.0649],[-100.3898,20.0808],[-100.3915,20.121],[-100.3709,20.1362],[-100.3523,20.2005],[-100.3552,20.219],[-100.3236,20.2519],[-100.3507,20.2884],[-100.3913,20.3131],[-100.394,20.3502],[-100.41,20.376],[-100.4762,20.3896],[-100.4885,20.4258],[-100.4884,20.4733],[-100.5085,20.5262],[-100.5048,20.555],[-100.4822,20.5764],[-100.4979,20.6158],[-100.5511,20.6338],[-100.5619,20.6714],[-100.5965,20.7173],[-100.5489,20.7364],[-100.5641,20.7747],[-100.5593,20.8299],[-100.502,20.8529],[-100.5073,20.8695],[-100.47,20.907],[-100.4134,20.8874],[-100.3336,20.8907],[-100.2655,20.9292],[-100.2636,20.971],[-100.2009,20.937],[-100.1353,20.9373],[-100.1178,20.9222],[-100.0642,20.9363],[-100.078,20.9727],[-100.0607,21.0058],[-100.0226,21.0146],[-100.0109,21.0431],[-100.0275,21.1003],[-99.9864,21.2183],[-99.9479,21.2124],[-99.9426,21.1944],[-99.8313,21.1573],[-99.777,21.1959],[-99.7385,21.2358],[-99.6955,21.2282],[-99.6991,21.2667],[-99.6713,21.3012],[-99.7373,21.3129],[-99.7524,21.2918],[-99.7799,21.313],[-99.7945,21.3574],[-99.7755,21.375],[-99.7773,21.495]]]},"properties":{"shapeName":"Guanajuato","shapeISO":"MX-GUA","shapeID":"31927357B33104012885361","shapeGroup":"MEX","shapeType":"ADM1"}},
{"type":"Feature","geometry":{"type":"Polygon","coordinates":[[[-99.4944,18.7205],[-99.5334,18.6942],[-99.5698,18.7055],[-99.5797,18.7352],[-99.6383,18.7373],[-99.6649,18.7717],[-99.7092,18.7688],[-99.7004,18.7327],[-99.737,18.7398],[-99.7843,18.6623],[-99.7833,18.6424],[-99.8581,18.6123],[-99.8885,18.6187],[-99.9472,18.5879],[-99.965,18.5562],[-100.025,18.6069],[-100.0636,18.5855],[-100.09,18.5222],[-100.1045,18.524],[-100.1588,18.4918],[-100.1857,18.4551],[-100.2581,18.4255],[-100.2767,18.3721],[-100.3156,18.3814],[-100.3594,18.4235],[-100.3854,18.4265],[-100.362,18.4968],[-100.396,18.5405],[-100.4291,18.51],[-100.4494,18.5566],[-100.4297,18.5993],[-100.4465,18.6225],[-100.4743,18.6192],[-100.4884,18.6532],[-100.4734,18.6909],[-100.4545,18.6944],[-100.4371,18.7506],[-100.4366,18.7831],[-100.4976,18.806],[-100.4935,18.8239],[-100.5843,18.8582],[-100.6132,18.887],[-100.6452,18.8603],[-100.6961,18.7941],[-100.724,18.8492],[-100.7667,18.8654],[-100.7918,18.8342],[-100.7825,18.8017],[-100.799,18.7845],[-100.7729,18.7326],[-100.7702,18.6905],[-100.7522,18.6302],[-100.7649,18.5612],[-100.7442,18.5181],[-100.6372,18.4577],[-100.6315,18.4385],[-100.5882,18.4121],[-100.6397,18.3639],[-100.6767,18.3726],[-100.6983,18.4189],[-100.7759,18.4382],[-100.7931,18.4771],[-100.8385,18.4731],[-100.8805,18.4875],[-100.9173,18.4667],[-100.9267,18.444],[-100.9737,18.482],[-101.006,18.4937],[-101.0094,18.5248],[-101.038,18.5262],[-101.0887,18.5059],[-101.1916,18.5178],[-101.2119,18.5364],[-101.2821,18.5447],[-101.385,18.5107],[-101.4107,18.511],[-101.5074,18.4868],[-101.5836,18.521],[-101.6075,18.5779],[-101.639,18.6025],[-101.6901,18.5894],[-101.7174,18.612],[-101.7827,18.6002],[-101.8438,18.5744],[-101.8823,18.5342],[-101.8849,18.475],[-101.8738,18.4375],[-101.8893,18.4005],[-101.8616,18.3565],[-101.8708,18.3318],[-101.8627,18.2872],[-101.8968,18.2771],[-101.9046,18.2479],[-101.928,18.2316],[-101.9778,18.2272],[-101.9781,18.2073],[-102.1425,18.1871],[-102.1618,18.1641],[-102.1843,18.0595],[-102.1786,18.0397],[-102.18,18.0007],[-102.1661,17.9843],[-102.1151,17.9622],[-102.0989,17.9829],[-102.0224,17.9856],[-101.9371,17.9559],[-101.8599,17.9116],[-101.8214,17.8955],[-101.7817,17.8627],[-101.7462,17.7925],[-101.6777,17.7462],[-101.6476,17.7013],[-101.6425,17.6674],[-101.6064,17.6607],[-101.5944,17.6351],[-101.5036,17.6196],[-101.4503,17.5745],[-101.4353,17.5237],[-101.2207,17.4365],[-101.1795,17.4088],[-101.1698,17.3892],[-101.1195,17.3596],[-101.0567,17.3076],[-101.058,17.2747],[-100.9158,17.2219],[-100.7613,17.1721],[-100.6751,17.1374],[-100.6234,17.1257],[-100.394,17.0503],[-100.192,16.9781],[-100.1216,16.949],[-100.0698,16.9371],[-99.9614,16.8949],[-99.9238,16.8494],[-99.8825,16.8597],[-99.8524,16.8464],[-99.8695,16.8186],[-99.8362,16.803],[-99.7569,16.7429],[-99.673,16.7016],[-99.6027,16.6839],[-99.5553,16.6892],[-99.4336,16.6785],[-99.2862,16.648],[-99.1547,16.6144],[-99.1312,16.6439],[-99.0878,16.6289],[-99.0569,16.6312],[-99.0499,16.5982],[-99.026,16.5774],[-98.9209,16.5415],[-98.8583,16.5284],[-98.8467,16.5459],[-98.8068,16.5583],[-98.773,16.5549],[-98.6989,16.4623],[-98.657,16.4286],[-98.5721,16.3461],[-98.5526,16.316],[-98.5384,16.3471],[-98.4542,16.3858],[-98.3992,16.3805],[-98.3499,16.4444],[-98.3538,16.4913],[-98.3833,16.5127],[-98.3951,16.5468],[-98.3403,16.5582],[-98.33,16.5727],[-98.2499,16.5635],[-98.2047,16.5911],[-98.2459,16.6707],[-98.2353,16.7138],[-98.2055,16.698],[-98.1659,16.7217],[-98.139,16.7238],[-98.1082,16.761],[-98.0811,16.8334],[-98.076,16.8675],[-98.1065,16.9567],[-98.0575,17.0238],[-98.0252,17.0192],[-98.0073,17.0401],[-98.0809,17.0666],[-98.118,17.0955],[-98.1534,17.1104],[-98.2127,17.1187],[-98.2227,17.1466],[-98.2031,17.2163],[-98.2348,17.2472],[-98.3021,17.2463],[-98.3235,17.2759],[-98.3048,17.3275],[-98.2874,17.329],[-98.3049,17.3943],[-98.3359,17.4563],[-98.3119,17.4775],[-98.3295,17.533],[-98.377,17.6053],[-98.4102,17.5998],[-98.461,17.6304],[-98.4707,17.6781],[-98.4862,17.681],[-98.4939,17.773],[-98.425,17.8396],[-98.4249,17.866],[-98.4392,17.919],[-98.4242,17.9382],[-98.4328,17.9839],[-98.5237,17.9942],[-98.5296,17.9758],[-98.5855,17.9749],[-98.6446,17.9336],[-98.7318,17.9826],[-98.8159,18.0079],[-98.7671,18.0196],[-98.7379,18.04],[-98.8003,18.0531],[-98.813,18.0649],[-98.8707,18.0582],[-98.8524,18.1176],[-98.8819,18.1662],[-98.9572,18.1887],[-99.0001,18.1902],[-98.995,18.2374],[-99.0491,18.2596],[-99.0652,18.2771],[-99.066,18.3326],[-99.0663,18.3678],[-99.0895,18.4],[-99.1283,18.4273],[-99.1412,18.4691],[-99.1813,18.4484],[-99.3284,18.4595],[-99.3551,18.4767],[-99.4294,18.5889],[-99.4539,18.6099],[-99.4581,18.6341],[-99.4944,18.7205]]]},"properties":{"shapeName":"Guerrero","shapeISO":"MX-GRO","shapeID":"31927357B20618267715210","shapeGroup":"MEX","shapeType":"ADM1"}},
{"type":"Feature","geometry":{"type":"Polygon","coordinates":[[[-97.985,20.517],[-98.0083,20.5327],[-98.0287,20.5897],[-98.021,20.6268],[-98.04,20.6319],[-98.0668,20.6739],[-98.0806,20.6335],[-98.1058,20.616],[-98.1729,20.5297],[-98.2116,20.5287],[-98.2558,20.4999],[-98.2805,20.4694],[-98.3157,20.4457],[-98.321,20.418],[-98.3598,20.3998],[-98.3861,20.4027],[-98.4183,20.38],[-98.4604,20.3314],[-98.5174,20.3369],[-98.543,20.3562],[-98.5537,20.4464],[-98.5932,20.4995],[-98.5585,20.5114],[-98.5245,20.5484],[-98.5122,20.5942],[-98.4785,20.5943],[-98.4952,20.6366],[-98.4604,20.6768],[-98.4665,20.7103],[-98.4972,20.6999],[-98.5426,20.6685],[-98.5502,20.6894],[-98.5081,20.7442],[-98.4576,20.7469],[-98.4646,20.7725],[-98.4437,20.8343],[-98.4295,20.847],[-98.3658,20.8639],[-98.3529,20.836],[-98.3272,20.8294],[-98.292,20.7855],[-98.2616,20.786],[-98.2538,20.8215],[-98.2655,20.8665],[-98.2021,21.0117],[-98.173,21.0206],[-98.1508,21.0472],[-98.1509,21.0855],[-98.1898,21.1108],[-98.2168,21.1515],[-98.2491,21.1294],[-98.2945,21.1472],[-98.2786,21.1726],[-98.3159,21.1869],[-98.3421,21.1608],[-98.4032,21.1544],[-98.4468,21.1798],[-98.4665,21.2199],[-98.4684,21.2497],[-98.5165,21.2443],[-98.5424,21.2691],[-98.4655,21.3732],[-98.5043,21.3894],[-98.5296,21.3678],[-98.5496,21.3846],[-98.5969,21.3591],[-98.644,21.3665],[-98.6707,21.3247],[-98.6047,21.3018],[-98.6087,21.2014],[-98.6424,21.1822],[-98.6769,21.1994],[-98.7277,21.1795],[-98.7808,21.186],[-98.8206,21.1604],[-98.8829,21.1926],[-98.9178,21.2398],[-98.9326,21.2983],[-98.945,21.3113],[-99.0551,21.2825],[-99.0524,21.2195],[-99.0431,21.1787],[-99.0727,21.158],[-99.1762,21.1378],[-99.2141,21.1068],[-99.2477,21.1013],[-99.3092,21.1473],[-99.3418,21.1237],[-99.3464,21.1009],[-99.3987,21.089],[-99.3642,21.0492],[-99.3963,20.9811],[-99.3906,20.9523],[-99.4352,20.8994],[-99.4486,20.8585],[-99.4887,20.8329],[-99.5024,20.7739],[-99.5485,20.7372],[-99.5437,20.7184],[-99.5049,20.6808],[-99.5019,20.659],[-99.5735,20.635],[-99.6129,20.595],[-99.6346,20.6057],[-99.7387,20.5605],[-99.7793,20.5593],[-99.8281,20.543],[-99.8591,20.2685],[-99.8419,20.2819],[-99.7904,20.238],[-99.7884,20.2231],[-99.7292,20.172],[-99.7107,20.1662],[-99.6597,20.1808],[-99.6306,20.1457],[-99.5996,20.1697],[-99.5287,20.1636],[-99.4598,20.0655],[-99.4369,20.0013],[-99.4736,19.9544],[-99.484,19.9052],[-99.4268,19.875],[-99.415,19.8505],[-99.3732,19.8515],[-99.3903,19.7857],[-99.346,19.7847],[-99.3127,19.8052],[-99.2695,19.8596],[-99.248,19.8598],[-99.2175,19.8914],[-99.2154,19.9546],[-99.1772,19.9931],[-99.1586,20.0272],[-99.0894,20.0343],[-99.0476,19.9952],[-99.0053,20.0289],[-98.9926,20.0657],[-98.9479,20.0296],[-98.9427,19.9791],[-98.9662,19.974],[-98.9998,19.9418],[-98.9561,19.9282],[-98.966,19.8917],[-99.0206,19.8677],[-99.0002,19.8342],[-98.95,19.7996],[-98.9118,19.881],[-98.8832,19.9015],[-98.7952,19.8564],[-98.7806,19.8835],[-98.6854,19.8505],[-98.6608,19.835],[-98.6388,19.8008],[-98.5969,19.7658],[-98.6032,19.7326],[-98.6438,19.6488],[-98.6701,19.6587],[-98.6656,19.6062],[-98.6098,19.602],[-98.5799,19.6374],[-98.5356,19.6344],[-98.5192,19.6024],[-98.4875,19.6175],[-98.4127,19.6175],[-98.3817,19.6094],[-98.3238,19.6853],[-98.3317,19.7223],[-98.2553,19.7188],[-98.2151,19.7413],[-98.1944,19.7654],[-98.2348,19.777],[-98.2671,19.8433],[-98.315,19.8551],[-98.2678,19.9161],[-98.2159,19.9685],[-98.1807,19.9598],[-98.164,20.0225],[-98.1681,20.0572],[-98.1567,20.0949],[-98.1085,20.1208],[-98.1051,20.1423],[-98.1398,20.1548],[-98.1275,20.1825],[-98.1759,20.2542],[-98.1924,20.2582],[-98.2438,20.2179],[-98.2789,20.2253],[-98.2844,20.2628],[-98.2576,20.2981],[-98.1791,20.2938],[-98.1792,20.3324],[-98.1268,20.3362],[-98.0894,20.3891],[-98.0705,20.4303],[-98.0219,20.4489],[-97.985,20.517]]]},"properties":{"shapeName":"Hidalgo","shapeISO":"MX-HID","shapeID":"31927357B12556965236767","shapeGroup":"MEX","shapeType":"ADM1"}},
{"type":"Feature","geometry":{"type":"Polygon","coordinates":[[[-102.7453,21.7201],[-102.7615,21.6929],[-102.8021,21.667],[-102.7836,21.6467],[-102.7647,21.5961],[-102.6951,21.5729],[-102.6964,21.543],[-102.642,21.5359],[-102.6248,21.5014],[-102.6488,21.4748],[-102.655,21.4466],[-102.6404,21.382],[-102.6778,21.3409],[-102.728,21.3571],[-102.7593,21.3354],[-102.8176,21.3185],[-102.8488,21.2932],[-102.8766,21.2366],[-102.8987,21.2375],[-102.9107,21.2052],[-102.9478,21.2146],[-102.9969,21.2597],[-103.057,21.2468],[-103.0843,21.1941],[-103.0714,21.1529],[-103.0917,21.1158],[-103.0593,21.0931],[-103.0774,21.0724],[-103.1273,21.0535],[-103.1834,21.0719],[-103.2096,21.0942],[-103.2582,21.0831],[-103.2723,21.054],[-103.2966,21.0648],[-103.3531,21.0453],[-103.396,21.0803],[-103.4183,21.1152],[-103.4163,21.1373],[-103.4498,21.1439],[-103.5041,21.1277],[-103.5298,21.1341],[-103.56,21.1183],[-103.5917,21.1286],[-103.6149,21.1589],[-103.6114,21.1787],[-103.6537,21.2088],[-103.6402,21.2221],[-103.6364,21.2789],[-103.6981,21.2826],[-103.7208,21.308],[-103.6826,21.3188],[-103.6636,21.3381],[-103.603,21.3491],[-103.5785,21.3302],[-103.5574,21.3481],[-103.51,21.3549],[-103.5094,21.3924],[-103.5371,21.4406],[-103.5711,21.4397],[-103.5864,21.3924],[-103.6535,21.4359],[-103.6693,21.4657],[-103.6977,21.467],[-103.6798,21.5112],[-103.6871,21.556],[-103.6449,21.5765],[-103.6216,21.5581],[-103.5905,21.5898],[-103.5547,21.5766],[-103.5555,21.6341],[-103.5295,21.6724],[-103.5085,21.7397],[-103.5318,21.7712],[-103.5694,21.7892],[-103.5257,21.8189],[-103.4572,21.8365],[-103.4139,21.9055],[-103.3943,21.8967],[-103.344,21.9297],[-103.2786,21.9897],[-103.1926,21.9699],[-103.203,21.996],[-103.1328,22.003],[-103.1115,22.0143],[-103.1079,22.0634],[-103.1543,22.0722],[-103.1256,22.1048],[-103.1017,22.1018],[-103.0765,22.1278],[-103.1006,22.1461],[-103.1061,22.1914],[-103.0523,22.2207],[-103.0555,22.2473],[-103.0838,22.2634],[-103.101,22.294],[-103.2204,22.2964],[-103.2101,22.3283],[-103.1686,22.3546],[-103.1686,22.385],[-103.2209,22.4096],[-103.2602,22.4119],[-103.3647,22.3695],[-103.3626,22.3364],[-103.3277,22.3074],[-103.2951,22.2533],[-103.3119,22.2333],[-103.3377,22.2452],[-103.409,22.2154],[-103.4395,22.1176],[-103.4665,22.1073],[-103.5159,22.1099],[-103.5548,22.1343],[-103.58,22.1268],[-103.6047,22.0979],[-103.6623,22.103],[-103.6908,22.1283],[-103.661,22.167],[-103.6309,22.2389],[-103.6028,22.27],[-103.6378,22.2952],[-103.635,22.3435],[-103.6067,22.3383],[-103.594,22.4072],[-103.5607,22.4228],[-103.5993,22.5264],[-103.6185,22.5637],[-103.661,22.5471],[-103.7266,22.5741],[-103.7691,22.5558],[-103.7838,22.4888],[-103.8102,22.4273],[-103.8112,22.3767],[-103.8454,22.3428],[-103.8286,22.2866],[-103.8441,22.2221],[-103.8731,22.1784],[-103.8861,22.2262],[-103.9017,22.2371],[-103.9261,22.3321],[-103.8862,22.4002],[-103.8693,22.4013],[-103.8829,22.4546],[-103.8623,22.5019],[-103.8752,22.5216],[-103.8542,22.5494],[-103.8553,22.575],[-103.7735,22.6115],[-103.7548,22.7195],[-103.7814,22.7298],[-103.8751,22.7372],[-103.9093,22.7501],[-104.0257,22.7433],[-104.0559,22.724],[-104.073,22.6932],[-104.0433,22.6719],[-104.0181,22.597],[-103.9889,22.5925],[-104.0056,22.5366],[-103.9331,22.4891],[-103.938,22.4628],[-103.9756,22.4362],[-104.0232,22.3645],[-104.0488,22.3764],[-104.0973,22.3578],[-104.0515,22.4674],[-104.0777,22.5323],[-104.1035,22.5311],[-104.1152,22.4996],[-104.152,22.5147],[-104.1902,22.5076],[-104.2023,22.4887],[-104.1777,22.3896],[-104.215,22.4228],[-104.2544,22.3925],[-104.2547,22.3488],[-104.2926,22.3443],[-104.2956,22.2769],[-104.3287,22.2454],[-104.3366,22.1867],[-104.3563,22.1654],[-104.3732,22.1026],[-104.36,22.0104],[-104.3707,21.9762],[-104.3436,21.9747],[-104.2941,22.0028],[-104.246,21.9669],[-104.1933,21.9854],[-104.1737,21.9709],[-104.1787,21.939],[-104.2002,21.9095],[-104.1892,21.849],[-104.1617,21.8098],[-104.1304,21.7905],[-104.0933,21.7846],[-104.0523,21.7948],[-103.9744,21.7708],[-103.9186,21.7662],[-103.9277,21.737],[-103.8904,21.6994],[-103.9213,21.6684],[-103.9299,21.6413],[-103.9077,21.6187],[-103.9232,21.59],[-103.8959,21.5753],[-103.8599,21.5247],[-103.8237,21.493],[-103.7801,21.5],[-103.7501,21.4756],[-103.742,21.4416],[-103.7654,21.386],[-103.7413,21.3741],[-103.7496,21.3415],[-103.8036,21.3003],[-103.825,21.2719],[-103.8178,21.25],[-103.8619,21.2489],[-103.9179,21.231],[-103.9735,21.2563],[-104.0036,21.2365],[-104.016,21.2075],[-104.0661,21.1897],[-104.1,21.2009],[-104.1595,21.1846],[-104.1964,21.1936],[-104.2194,21.1766],[-104.2106,21.1309],[-104.2167,21.0858],[-104.2384,21.0523],[-104.2243,21.0076],[-104.2381,20.9842],[-104.208,20.9511],[-104.2465,20.9212],[-104.2902,20.849],[-104.3184,20.8386],[-104.3618,20.8409],[-104.3504,20.8116],[-104.2976,20.7708],[-104.2829,20.7835],[-104.2476,20.7263],[-104.237,20.6651],[-104.282,20.629],[-104.2885,20.6892],[-104.3508,20.7253],[-104.3966,20.7808],[-104.4493,20.8035],[-104.5032,20.8418],[-104.5064,20.8608],[-104.5429,20.9119],[-104.5782,20.934],[-104.6285,20.9239],[-104.681,20.9438],[-104.7251,20.9994],[-104.7794,21.0212],[-104.8277,21.0181],[-104.8669,20.9952],[-104.9006,20.9627],[-104.9005,20.9463],[-104.9532,20.9301],[-104.9672,20.9095],[-105.0063,20.9225],[-105.0316,20.9092],[-105.0605,20.9335],[-105.1045,20.9123],[-105.1606,20.8574],[-105.1734,20.7677],[-105.197,20.7772],[-105.2342,20.7476],[-105.2443,20.7034],[-105.2812,20.6721],[-105.2453,20.6534],[-105.233,20.6154],[-105.2578,20.5577],[-105.2921,20.5321],[-105.3441,20.5073],[-105.3946,20.5075],[-105.4944,20.4894],[-105.5279,20.4919],[-105.6143,20.4711],[-105.6724,20.4074],[-105.6865,20.3677],[-105.6562,20.3177],[-105.5902,20.2631],[-105.5543,20.2248],[-105.5445,20.0913],[-105.4906,19.9891],[-105.4102,19.8816],[-105.3583,19.8227],[-105.3279,19.7711],[-105.2497,19.6715],[-105.2087,19.6354],[-105.1195,19.5873],[-105.089,19.5605],[-105.0815,19.5054],[-105.0246,19.4353],[-105.0316,19.3878],[-104.9954,19.3636],[-104.9534,19.3219],[-104.8781,19.2847],[-104.8307,19.3076],[-104.7887,19.2818],[-104.8103,19.2352],[-104.6998,19.2208],[-104.6635,19.1831],[-104.6293,19.1729],[-104.5748,19.193],[-104.5705,19.2137],[-104.5338,19.258],[-104.4717,19.2288],[-104.4393,19.278],[-104.3579,19.2706],[-104.3439,19.2895],[-104.3148,19.2794],[-104.2922,19.303],[-104.2463,19.312],[-104.1967,19.2966],[-104.1698,19.313],[-104.1258,19.3204],[-104.1333,19.3537],[-104.0902,19.393],[-104.0709,19.4352],[-104.0866,19.442],[-104.0617,19.4977],[-104.0056,19.4723],[-103.974,19.4746],[-103.9648,19.4542],[-103.8995,19.4345],[-103.8527,19.4313],[-103.8177,19.4124],[-103.7507,19.4457],[-103.7353,19.4434],[-103.69,19.4924],[-103.6183,19.5125],[-103.6154,19.475],[-103.5562,19.407],[-103.5235,19.3595],[-103.4868,19.3274],[-103.5062,19.2897],[-103.5152,19.2114],[-103.4986,19.187],[-103.5196,19.1245],[-103.5265,19.0787],[-103.4885,19.0276],[-103.4968,19.0113],[-103.4886,18.9649],[-103.4195,18.9813],[-103.3325,18.9733],[-103.2247,19.0193],[-103.2045,18.9676],[-103.1496,18.9259],[-103.1082,18.9517],[-103.0881,18.9841],[-103.0332,19.0291],[-103.016,19.0792],[-103.0205,19.125],[-102.9601,19.1741],[-102.9151,19.1794],[-102.8864,19.2044],[-102.8456,19.199],[-102.8177,19.2091],[-102.7849,19.2439],[-102.7538,19.2558],[-102.6766,19.218],[-102.6518,19.2355],[-102.6382,19.2951],[-102.6112,19.3228],[-102.6011,19.3645],[-102.5688,19.4126],[-102.5633,19.4649],[-102.5818,19.5258],[-102.6205,19.4988],[-102.6575,19.4872],[-102.7184,19.5503],[-102.7207,19.6107],[-102.7772,19.629],[-102.7955,19.6847],[-102.7805,19.7018],[-102.8195,19.7779],[-102.7923,19.8141],[-102.7591,19.808],[-102.7304,19.8532],[-102.7312,19.8995],[-102.784,19.9512],[-102.882,19.9758],[-102.9026,19.9669],[-102.9512,19.9966],[-102.9938,19.9839],[-103.0162,19.9593],[-103.0494,19.9907],[-103.0244,20.0333],[-103.0417,20.0906],[-103.0335,20.1357],[-102.9984,20.126],[-102.942,20.1288],[-102.9384,20.1714],[-102.8755,20.1576],[-102.8375,20.1135],[-102.8081,20.141],[-102.7525,20.1486],[-102.7302,20.1666],[-102.6797,20.1715],[-102.6854,20.218],[-102.6609,20.2315],[-102.6273,20.2294],[-102.6101,20.2691],[-102.5905,20.2585],[-102.5305,20.2958],[-102.4335,20.3411],[-102.3998,20.3277],[-102.346,20.3351],[-102.309,20.3571],[-102.2676,20.3356],[-102.1754,20.356],[-102.1541,20.3789],[-102.0963,20.3841],[-102.0713,20.4338],[-102.0476,20.4532],[-101.9988,20.5456],[-101.984,20.535],[-101.9593,20.5868],[-101.958,20.6267],[-101.9702,20.658],[-102.0138,20.6644],[-102.0144,20.7171],[-102.0736,20.7488],[-102.0959,20.7801],[-102.0799,20.8291],[-102.0386,20.8474],[-102.0033,20.8977],[-101.9631,20.9225],[-101.9087,20.9986],[-101.8929,21.0558],[-101.8713,21.0953],[-101.8375,21.0968],[-101.8334,21.1373],[-101.7873,21.1564],[-101.7597,21.2676],[-101.6432,21.2993],[-101.6428,21.3551],[-101.6795,21.3895],[-101.5804,21.4283],[-101.589,21.4649],[-101.6413,21.5266],[-101.62,21.5411],[-101.5952,21.6035],[-101.5848,21.6702],[-101.5577,21.7351],[-101.5797,21.7364],[-101.5823,21.7727],[-101.5388,21.7773],[-101.5105,21.7991],[-101.537,21.8105],[-101.5628,21.8554],[-101.5698,21.9171],[-101.6115,21.9192],[-101.6501,21.9074],[-101.6591,21.9416],[-101.7107,21.9739],[-101.751,22.0146],[-101.8617,22.0289],[-101.8638,21.99],[-101.8913,21.9766],[-101.8797,21.9439],[-101.8353,21.9418],[-101.838,21.9073],[-101.8802,21.9101],[-102.0384,21.8532],[-102.0417,21.8231],[-102.072,21.7827],[-102.0946,21.7777],[-102.1156,21.736],[-102.1779,21.6882],[-102.2143,21.6948],[-102.2376,21.652],[-102.2954,21.6531],[-102.3257,21.6223],[-102.4415,21.6734],[-102.4684,21.6979],[-102.5425,21.7326],[-102.5963,21.744],[-102.6335,21.7673],[-102.6907,21.7524],[-102.6963,21.7288],[-102.7453,21.7201]]]},"properties":{"shapeName":"Jalisco","shapeISO":"MX-JAL","shapeID":"31927357B65869129959700","shapeGroup":"MEX","shapeType":"ADM1"}},
{"type":"Feature","geometry":{"type":"Polygon","coordinates":[[[-98.979,19.0745],[-98.9171,19.0594],[-98.9034,19.0385],[-98.871,19.0254],[-98.8595,18.9648],[-98.7921,18.9353],[-98.714,18.943],[-98.6645,19.0036],[-98.6329,19.0155],[-98.6199,19.0351],[-98.6393,19.0774],[-98.627,19.1248],[-98.647,19.1848],[-98.6436,19.2387],[-98.6275,19.2578],[-98.6635,19.3248],[-98.6445,19.352],[-98.6628,19.403],[-98.6347,19.4299],[-98.6532,19.466],[-98.7081,19.5548],[-98.6656,19.6062],[-98.6701,19.6587],[-98.6438,19.6488],[-98.6032,19.7326],[-98.5969,19.7658],[-98.6388,19.8008],[-98.6608,19.835],[-98.6854,19.8505],[-98.7806,19.8835],[-98.7952,19.8564],[-98.8832,19.9015],[-98.9118,19.881],[-98.95,19.7996],[-99.0002,19.8342],[-99.0206,19.8677],[-98.966,19.8917],[-98.9561,19.9282],[-98.9998,19.9418],[-98.9662,19.974],[-98.9427,19.9791],[-98.9479,20.0296],[-98.9926,20.0657],[-99.0053,20.0289],[-99.0476,19.9952],[-99.0894,20.0343],[-99.1586,20.0272],[-99.1772,19.9931],[-99.2154,19.9546],[-99.2175,19.8914],[-99.248,19.8598],[-99.2695,19.8596],[-99.3127,19.8052],[-99.346,19.7847],[-99.3903,19.7857],[-99.3732,19.8515],[-99.415,19.8505],[-99.4268,19.875],[-99.484,19.9052],[-99.4736,19.9544],[-99.4369,20.0013],[-99.4598,20.0655],[-99.5287,20.1636],[-99.5996,20.1697],[-99.6306,20.1457],[-99.6597,20.1808],[-99.7107,20.1662],[-99.7292,20.172],[-99.7884,20.2231],[-99.7904,20.238],[-99.8419,20.2819],[-99.8591,20.2685],[-99.9152,20.2855],[-99.9582,20.2518],[-99.9865,20.2571],[-99.9358,20.1693],[-99.9422,20.1201],[-99.9263,20.0643],[-100.0056,20.0642],[-100.085,20.0248],[-100.1379,20.0443],[-100.1577,20.0179],[-100.116,20.0061],[-100.1314,19.982],[-100.1301,19.9162],[-100.1024,19.8797],[-100.1315,19.852],[-100.1469,19.798],[-100.1482,19.7282],[-100.2041,19.7046],[-100.2437,19.7048],[-100.274,19.6723],[-100.2475,19.6345],[-100.2521,19.6175],[-100.2375,19.5572],[-100.1964,19.5317],[-100.2061,19.4545],[-100.1899,19.4397],[-100.2374,19.4035],[-100.2931,19.3951],[-100.3124,19.3624],[-100.3225,19.2507],[-100.3731,19.1942],[-100.4107,19.084],[-100.4119,19.0634],[-100.4471,19.052],[-100.459,19.033],[-100.5299,19.0093],[-100.5467,18.9642],[-100.5468,18.9327],[-100.6132,18.887],[-100.5843,18.8582],[-100.4935,18.8239],[-100.4976,18.806],[-100.4366,18.7831],[-100.4371,18.7506],[-100.4545,18.6944],[-100.4734,18.6909],[-100.4884,18.6532],[-100.4743,18.6192],[-100.4465,18.6225],[-100.4297,18.5993],[-100.4494,18.5566],[-100.4291,18.51],[-100.396,18.5405],[-100.362,18.4968],[-100.3854,18.4265],[-100.3594,18.4235],[-100.3156,18.3814],[-100.2767,18.3721],[-100.2581,18.4255],[-100.1857,18.4551],[-100.1588,18.4918],[-100.1045,18.524],[-100.09,18.5222],[-100.0636,18.5855],[-100.025,18.6069],[-99.965,18.5562],[-99.9472,18.5879],[-99.8885,18.6187],[-99.8581,18.6123],[-99.7833,18.6424],[-99.7843,18.6623],[-99.737,18.7398],[-99.7004,18.7327],[-99.7092,18.7688],[-99.6649,18.7717],[-99.6383,18.7373],[-99.5797,18.7352],[-99.5698,18.7055],[-99.5334,18.6942],[-99.4944,18.7205],[-99.451,18.7725],[-99.4259,18.8264],[-99.4294,18.8776],[-99.4067,18.8952],[-99.3648,18.899],[-99.313,18.9481],[-99.3197,19.0113],[-99.3183,19.0874],[-99.2787,19.1317],[-99.3153,19.2292],[-99.3423,19.2411],[-99.3392,19.2677],[-99.3649,19.2778],[-99.3566,19.3067],[-99.3264,19.3537],[-99.2956,19.3691],[-99.2234,19.4295],[-99.2211,19.4751],[-99.2047,19.5151],[-99.1572,19.5028],[-99.1609,19.5493],[-99.1338,19.5862],[-99.1081,19.5649],[-99.1306,19.5361],[-99.068,19.4891],[-99.0465,19.4424],[-99.0581,19.4007],[-98.9919,19.3676],[-98.9579,19.3232],[-98.9765,19.2531],[-98.9524,19.1686],[-98.9575,19.1224],[-98.979,19.0745]]]},"properties":{"shapeName":"Mexico","shapeISO":"MX-MEX","shapeID":"31927357B41082348713023","shapeGroup":"MEX","shapeType":"ADM1"}},
{"type":"Feature","geometry":{"type":"MultiPolygon","coordinates":[[[[-102.1824,17.9993],[-102.1766,17.927],[-102.1398,17.9362],[-102.1388,17.969],[-102.1732,17.9869],[-102.1824,17.9993]]],[[[-103.7273,18.7032],[-103.7227,18.6757],[-103.6856,18.6254],[-103.6995,18.6014],[-103.6258,18.5469],[-103.5761,18.4956],[-103.5298,18.4059],[-103.5141,18.3528],[-103.477,18.3228],[-103.3714,18.2771],[-103.3408,18.2713],[-103.2493,18.2345],[-103.2105,18.2319],[-103.1116,18.191],[-103.0629,18.1945],[-102.9856,18.1716],[-102.7811,18.0818],[-102.7296,18.0718],[-102.6975,18.0552],[-102.6097,18.0489],[-102.4879,18.0198],[-102.3101,17.9698],[-102.1927,17.9158],[-102.1837,17.9256],[-102.1882,17.9831],[-102.2093,18.0087],[-102.1786,18.0397],[-102.1843,18.0595],[-102.1618,18.1641],[-102.1425,18.1871],[-101.9781,18.2073],[-101.9778,18.2272],[-101.928,18.2316],[-101.9046,18.2479],[-101.8968,18.2771],[-101.8627,18.2872],[-101.8708,18.3318],[-101.8616,18.3565],[-101.8893,18.4005],[-101.8738,18.4375],[-101.8849,18.475],[-101.8823,18.5342],[-101.8438,18.5744],[-101.7827,18.6002],[-101.7174,18.612],[-101.6901,18.5894],[-101.639,18.6025],[-101.6075,18.5779],[-101.5836,18.521],[-101.5074,18.4868],[-101.4107,18.511],[-101.385,18.5107],[-101.2821,18.5447],[-101.2119,18.5364],[-101.1916,18.5178],[-101.0887,18.5059],[-101.038,18.5262],[-101.0094,18.5248],[-101.006,18.4937],[-100.9737,18.482],[-100.9267,18.444],[-100.9173,18.4667],[-100.8805,18.4875],[-100.8385,18.4731],[-100.7931,18.4771],[-100.7759,18.4382],[-100.6983,18.4189],[-100.6767,18.3726],[-100.6397,18.3639],[-100.5882,18.4121],[-100.6315,18.4385],[-100.6372,18.4577],[-100.7442,18.5181],[-100.7649,18.5612],[-100.7522,18.6302],[-100.7702,18.6905],[-100.7729,18.7326],[-100.799,18.7845],[-100.7825,18.8017],[-100.7918,18.8342],[-100.7667,18.8654],[-100.724,18.8492],[-100.6961,18.7941],[-100.6452,18.8603],[-100.6132,18.887],[-100.5468,18.9327],[-100.5467,18.9642],[-100.5299,19.0093],[-100.459,19.033],[-100.4471,19.052],[-100.4119,19.0634],[-100.4107,19.084],[-100.3731,19.1942],[-100.3225,19.2507],[-100.3124,19.3624],[-100.2931,19.3951],[-100.2374,19.4035],[-100.1899,19.4397],[-100.2061,19.4545],[-100.1964,19.5317],[-100.2375,19.5572],[-100.2521,19.6175],[-100.2475,19.6345],[-100.274,19.6723],[-100.2437,19.7048],[-100.2041,19.7046],[-100.1482,19.7282],[-100.1469,19.798],[-100.1315,19.852],[-100.1024,19.8797],[-100.1301,19.9162],[-100.1314,19.982],[-100.116,20.0061],[-100.1577,20.0179],[-100.1379,20.0443],[-100.1468,20.0575],[-100.2015,20.0777],[-100.1974,20.1299],[-100.2356,20.1435],[-100.1919,20.176],[-100.1811,20.2088],[-100.2605,20.2675],[-100.3458,20.298],[-100.3507,20.2884],[-100.3236,20.2519],[-100.3552,20.219],[-100.3523,20.2005],[-100.3709,20.1362],[-100.3915,20.121],[-100.3898,20.0808],[-100.3583,20.0649],[-100.3629,19.9899],[-100.4497,19.9827],[-100.4982,19.958],[-100.5268,19.9658],[-100.5795,19.9576],[-100.5579,19.9917],[-100.5956,19.9917],[-100.6176,19.9577],[-100.6604,19.9645],[-100.7188,19.9405],[-100.7437,19.9167],[-100.7788,19.9151],[-100.7921,19.9556],[-100.8243,19.9783],[-100.8358,19.9346],[-100.9016,19.9595],[-100.9356,19.9572],[-100.9644,19.9283],[-100.9794,19.9529],[-100.9827,20.0026],[-101.014,20.0457],[-100.9928,20.0649],[-101.0173,20.0857],[-101.0749,20.0884],[-101.1197,20.0735],[-101.1726,20.0849],[-101.1814,20.0534],[-101.2207,20.0114],[-101.2383,20.0321],[-101.281,20.0275],[-101.2965,20.0386],[-101.3482,20.0321],[-101.3943,20.0529],[-101.4225,20.1632],[-101.4199,20.2016],[-101.3632,20.1958],[-101.3526,20.2349],[-101.3953,20.2485],[-101.4206,20.2752],[-101.4559,20.2672],[-101.4549,20.3179],[-101.4802,20.3302],[-101.5011,20.3117],[-101.5533,20.3325],[-101.5708,20.3159],[-101.6247,20.3146],[-101.6731,20.2126],[-101.8091,20.2044],[-101.8339,20.2248],[-101.8862,20.1955],[-101.9323,20.2259],[-101.9449,20.2551],[-101.9369,20.2815],[-101.9599,20.3051],[-101.969,20.3603],[-102.0218,20.363],[-102.0963,20.3841],[-102.1541,20.3789],[-102.1754,20.356],[-102.2676,20.3356],[-102.309,20.3571],[-102.346,20.3351],[-102.3998,20.3277],[-102.4335,20.3411],[-102.5305,20.2958],[-102.5905,20.2585],[-102.6101,20.2691],[-102.6273,20.2294],[-102.6609,20.2315],[-102.6854,20.218],[-102.6797,20.1715],[-102.7302,20.1666],[-102.7525,20.1486],[-102.8081,20.141],[-102.8375,20.1135],[-102.8755,20.1576],[-102.9384,20.1714],[-102.942,20.1288],[-102.9984,20.126],[-103.0335,20.1357],[-103.0417,20.0906],[-103.0244,20.0333],[-103.0494,19.9907],[-103.0162,19.9593],[-102.9938,19.9839],[-102.9512,19.9966],[-102.9026,19.9669],[-102.882,19.9758],[-102.784,19.9512],[-102.7312,19.8995],[-102.7304,19.8532],[-102.7591,19.808],[-102.7923,19.8141],[-102.8195,19.7779],[-102.7805,19.7018],[-102.7955,19.6847],[-102.7772,19.629],[-102.7207,19.6107],[-102.7184,19.5503],[-102.6575,19.4872],[-102.6205,19.4988],[-102.5818,19.5258],[-102.5633,19.4649],[-102.5688,19.4126],[-102.6011,19.3645],[-102.6112,19.3228],[-102.6382,19.2951],[-102.6518,19.2355],[-102.6766,19.218],[-102.7538,19.2558],[-102.7849,19.2439],[-102.8177,19.2091],[-102.8456,19.199],[-102.8864,19.2044],[-102.9151,19.1794],[-102.9601,19.1741],[-103.0205,19.125],[-103.016,19.0792],[-103.0332,19.0291],[-103.0881,18.9841],[-103.1082,18.9517],[-103.1496,18.9259],[-103.2045,18.9676],[-103.2247,19.0193],[-103.3325,18.9733],[-103.4195,18.9813],[-103.4886,18.9649],[-103.5284,18.9123],[-103.5581,18.9066],[-103.5781,18.8753],[-103.6203,18.893],[-103.6403,18.8695],[-103.6174,18.8397],[-103.62,18.8014],[-103.638,18.7832],[-103.679,18.7732],[-103.7273,18.7032]]]]},"properties":{"shapeName":"Michoacan de Ocampo","shapeISO":"MX-MIC","shapeID":"31927357B49073316106075","shapeGroup":"MEX","shapeType":"ADM1"}},
{"type":"Feature","geometry":{"type":"Polygon","coordinates":[[[-99.2787,19.1317],[-99.3183,19.0874],[-99.3197,19.0113],[-99.313,18.9481],[-99.3648,18.899],[-99.4067,18.8952],[-99.4294,18.8776],[-99.4259,18.8264],[-99.451,18.7725],[-99.4944,18.7205],[-99.4581,18.6341],[-99.4539,18.6099],[-99.4294,18.5889],[-99.3551,18.4767],[-99.3284,18.4595],[-99.1813,18.4484],[-99.1412,18.4691],[-99.1283,18.4273],[-99.0895,18.4],[-99.0663,18.3678],[-99.066,18.3326],[-99.0182,18.3878],[-98.9193,18.432],[-98.9122,18.4621],[-98.8504,18.478],[-98.8164,18.5182],[-98.7253,18.4413],[-98.699,18.495],[-98.7028,18.5388],[-98.7167,18.5659],[-98.7125,18.6213],[-98.7413,18.7079],[-98.7159,18.7392],[-98.7535,18.743],[-98.7241,18.8111],[-98.6642,18.8932],[-98.6814,18.9072],[-98.6736,18.9517],[-98.6329,19.0155],[-98.6645,19.0036],[-98.714,18.943],[-98.7921,18.9353],[-98.8595,18.9648],[-98.871,19.0254],[-98.9034,19.0385],[-98.9171,19.0594],[-98.979,19.0745],[-99.029,19.0854],[-99.0598,19.0482],[-99.1254,19.0621],[-99.1354,19.0893],[-99.2268,19.0961],[-99.2787,19.1317]]]},"properties":{"shapeName":"Morelos","shapeISO":"MX-MOR","shapeID":"31927357B72315499763974","shapeGroup":"MEX","shapeType":"ADM1"}},
{"type":"Feature","geometry":{"type":"MultiPolygon","coordinates":[[[[-106.4344,21.4939],[-106.4605,21.4944],[-106.492,21.4699],[-106.4828,21.4537],[-106.3967,21.4199],[-106.3617,21.4635],[-106.3755,21.4826],[-106.4344,21.4939]]],[[[-106.6549,21.6952],[-106.6545,21.6558],[-106.629,21.5986],[-106.5915,21.5784],[-106.5213,21.5609],[-106.5121,21.5975],[-106.5374,21.6328],[-106.5363,21.6581],[-106.5751,21.6819],[-106.6549,21.6952]]],[[[-105.6842,22.5718],[-105.7011,22.5607],[-105.6754,22.5081],[-105.6769,22.4694],[-105.7144,22.4477],[-105.6863,22.379],[-105.6641,22.3006],[-105.649,22.2123],[-105.6155,22.1929],[-105.6203,22.241],[-105.6347,22.2653],[-105.641,22.3725],[-105.6456,22.3889],[-105.6442,22.4061],[-105.6391,22.4095],[-105.651,22.4206],[-105.6521,22.4252],[-105.6463,22.4547],[-105.6686,22.4698],[-105.6617,22.5185],[-105.6842,22.5718]]],[[[-105.3922,23.0841],[-105.413,23.0741],[-105.4132,23.0371],[-105.4326,23.024],[-105.4533,22.9774],[-105.5013,22.9586],[-105.4987,22.9336],[-105.4712,22.8833],[-105.4877,22.826],[-105.5199,22.7728],[-105.5229,22.7243],[-105.4981,22.6514],[-105.451,22.627],[-105.4391,22.5879],[-105.4366,22.5375],[-105.4608,22.5086],[-105.5399,22.5356],[-105.5983,22.5367],[-105.6005,22.5589],[-105.6666,22.5806],[-105.6804,22.5738],[-105.6599,22.5234],[-105.6631,22.4695],[-105.6412,22.4534],[-105.6409,22.4358],[-105.6496,22.4218],[-105.6396,22.4122],[-105.6374,22.4034],[-105.6432,22.3944],[-105.6321,22.3498],[-105.6285,22.2735],[-105.6082,22.2413],[-105.6139,22.2146],[-105.5687,22.2167],[-105.5738,22.1703],[-105.5339,22.1785],[-105.5169,22.1486],[-105.4693,22.1285],[-105.4819,22.0717],[-105.5603,22.1072],[-105.5723,22.1373],[-105.597,22.1415],[-105.6161,22.1863],[-105.646,22.172],[-105.654,22.0536],[-105.6355,21.9719],[-105.5997,21.9093],[-105.4846,21.7328],[-105.4896,21.7239],[-105.4438,21.6238],[-105.3261,21.5533],[-105.265,21.5121],[-105.2252,21.5219],[-105.1964,21.49],[-105.1878,21.4466],[-105.2178,21.4103],[-105.2443,21.3465],[-105.226,21.285],[-105.2164,21.205],[-105.2332,21.1809],[-105.2312,21.0794],[-105.2436,21.0482],[-105.2693,21.0251],[-105.3131,21.0349],[-105.3183,21.0065],[-105.3591,20.9553],[-105.4017,20.9314],[-105.4357,20.8736],[-105.4529,20.8742],[-105.4873,20.7965],[-105.511,20.7723],[-105.3994,20.7354],[-105.3632,20.7626],[-105.3291,20.7465],[-105.2812,20.6721],[-105.2443,20.7034],[-105.2342,20.7476],[-105.197,20.7772],[-105.1734,20.7677],[-105.1606,20.8574],[-105.1045,20.9123],[-105.0605,20.9335],[-105.0316,20.9092],[-105.0063,20.9225],[-104.9672,20.9095],[-104.9532,20.9301],[-104.9005,20.9463],[-104.9006,20.9627],[-104.8669,20.9952],[-104.8277,21.0181],[-104.7794,21.0212],[-104.7251,20.9994],[-104.681,20.9438],[-104.6285,20.9239],[-104.5782,20.934],[-104.5429,20.9119],[-104.5064,20.8608],[-104.5032,20.8418],[-104.4493,20.8035],[-104.3966,20.7808],[-104.3508,20.7253],[-104.2885,20.6892],[-104.282,20.629],[-104.237,20.6651],[-104.2476,20.7263],[-104.2829,20.7835],[-104.2976,20.7708],[-104.3504,20.8116],[-104.3618,20.8409],[-104.3184,20.8386],[-104.2902,20.849],[-104.2465,20.9212],[-104.208,20.9511],[-104.2381,20.9842],[-104.2243,21.0076],[-104.2384,21.0523],[-104.2167,21.0858],[-104.2106,21.1309],[-104.2194,21.1766],[-104.1964,21.1936],[-104.1595,21.1846],[-104.1,21.2009],[-104.0661,21.1897],[-104.016,21.2075],[-104.0036,21.2365],[-103.9735,21.2563],[-103.9179,21.231],[-103.8619,21.2489],[-103.8178,21.25],[-103.825,21.2719],[-103.8036,21.3003],[-103.7496,21.3415],[-103.7413,21.3741],[-103.7654,21.386],[-103.742,21.4416],[-103.7501,21.4756],[-103.7801,21.5],[-103.8237,21.493],[-103.8599,21.5247],[-103.8959,21.5753],[-103.9232,21.59],[-103.9077,21.6187],[-103.9299,21.6413],[-103.9213,21.6684],[-103.8904,21.6994],[-103.9277,21.737],[-103.9186,21.7662],[-103.9744,21.7708],[-104.0523,21.7948],[-104.0933,21.7846],[-104.1304,21.7905],[-104.1617,21.8098],[-104.1892,21.849],[-104.2002,21.9095],[-104.1787,21.939],[-104.1737,21.9709],[-104.1933,21.9854],[-104.246,21.9669],[-104.2941,22.0028],[-104.3436,21.9747],[-104.3707,21.9762],[-104.36,22.0104],[-104.3732,22.1026],[-104.3563,22.1654],[-104.3366,22.1867],[-104.3287,22.2454],[-104.2956,22.2769],[-104.2926,22.3443],[-104.2931,22.3651],[-104.35,22.3864],[-104.3488,22.4097],[-104.3715,22.4217],[-104.5359,22.3648],[-104.5513,22.3889],[-104.5821,22.4004],[-104.6026,22.4605],[-104.6553,22.4622],[-104.6558,22.5401],[-104.67,22.5653],[-104.7087,22.5546],[-104.7598,22.5687],[-104.7798,22.6033],[-104.7741,22.6325],[-104.8043,22.6487],[-104.8584,22.6483],[-104.8625,22.6071],[-104.9605,22.5053],[-104.9879,22.4987],[-105.0076,22.5857],[-105.0724,22.6565],[-105.0573,22.6881],[-104.8927,22.7374],[-104.9156,22.7485],[-104.9056,22.7996],[-104.936,22.8265],[-104.959,22.8136],[-104.9884,22.836],[-104.9896,22.8914],[-105.01,22.9224],[-104.9969,22.952],[-105.0138,22.9777],[-105.076,22.9596],[-105.1636,22.9539],[-105.2977,22.9542],[-105.3236,22.9413],[-105.339,22.9664],[-105.3337,22.9947],[-105.3539,23.0198],[-105.3573,23.0719],[-105.3922,23.0841]]]]},"properties":{"shapeName":"Nayarit","shapeISO":"MX-NAY","shapeID":"31927357B15886886594254","shapeGroup":"MEX","shapeType":"ADM1"}},
{"type":"Feature","geometry":{"type":"Polygon","coordinates":[[[-100.7999,24.5562],[-100.7423,24.4604],[-100.7112,24.4915],[-100.6035,24.4013],[-100.5999,24.3488],[-100.6331,24.226],[-100.5851,24.2239],[-100.5935,24.1782],[-100.5496,24.1483],[-100.5238,24.0715],[-100.5413,24.0257],[-100.5624,23.9196],[-100.5398,23.8884],[-100.5503,23.8422],[-100.4976,23.7987],[-100.4977,23.7363],[-100.4457,23.6773],[-100.4774,23.6338],[-100.4916,23.5686],[-100.4695,23.5668],[-100.4591,23.5332],[-100.4942,23.5284],[-100.5172,23.421],[-100.4571,23.3664],[-100.4836,23.214],[-100.4798,23.1944],[-100.3318,23.1627],[-100.3235,23.1956],[-100.3638,23.189],[-100.3743,23.2653],[-100.3063,23.2609],[-100.2784,23.3104],[-100.2202,23.2979],[-100.2282,23.2505],[-100.1038,23.2315],[-100.078,23.306],[-100.145,23.3395],[-100.0803,23.3957],[-99.9825,23.3924],[-99.9213,23.3792],[-99.9612,23.5569],[-99.9158,23.6651],[-99.8911,23.7038],[-99.8607,23.7745],[-99.8055,23.7843],[-99.6834,23.7766],[-99.6195,23.7597],[-99.5767,23.7755],[-99.4938,23.8787],[-99.4569,23.8661],[-99.4869,23.9605],[-99.5409,23.9973],[-99.5419,24.0336],[-99.5709,24.0394],[-99.6571,24.118],[-99.6478,24.2181],[-99.5943,24.3309],[-99.5899,24.3961],[-99.6364,24.5067],[-99.7198,24.4837],[-99.733,24.554],[-99.7047,24.5759],[-99.6094,24.6225],[-99.5737,24.6203],[-99.5128,24.6345],[-99.4822,24.7082],[-99.4481,24.7322],[-99.3894,24.7398],[-99.3644,24.7718],[-99.3317,24.7762],[-99.2949,24.8041],[-99.2129,24.7717],[-99.1887,24.7807],[-99.2074,24.8614],[-99.1589,24.916],[-99.1809,25.0115],[-99.1606,25.0553],[-99.1379,25.0507],[-99.0813,25.0777],[-99.0677,25.1161],[-99.035,25.12],[-99.0295,25.0964],[-99.0002,25.0674],[-98.9342,25.0728],[-98.8881,25.1095],[-98.4231,25.4475],[-98.4216,25.4894],[-98.5818,25.4894],[-98.5804,25.6373],[-98.5851,26.0179],[-98.8232,26.0476],[-98.9008,25.9683],[-99.0239,26.1041],[-99.0625,26.0907],[-99.1263,26.054],[-99.1601,26.0612],[-99.171,26.0945],[-99.1978,26.2587],[-99.26,26.2528],[-99.3642,26.3293],[-99.4012,26.3048],[-99.4309,26.3513],[-99.4098,26.4428],[-99.3968,26.5966],[-99.5383,26.6646],[-99.6592,26.6704],[-99.6572,26.6951],[-99.6186,26.7265],[-99.6229,26.7692],[-99.5808,26.8301],[-99.591,26.8625],[-99.63,26.8903],[-99.6911,26.9082],[-99.7315,26.9087],[-99.7667,26.8898],[-99.7701,26.9284],[-99.7342,26.9206],[-99.6501,27.0659],[-99.6789,27.1024],[-99.7477,27.2772],[-99.7604,27.437],[-99.9192,27.4915],[-99.9264,27.5492],[-99.7281,27.6791],[-99.808,27.7653],[-99.8432,27.7699],[-99.9327,27.6744],[-99.9988,27.6153],[-100.1884,27.7991],[-100.3506,27.6846],[-100.4177,27.3936],[-100.678,27.3348],[-100.8341,27.1952],[-100.8306,27.0739],[-100.7842,27.0589],[-100.7462,27.0624],[-100.6975,27.1088],[-100.6537,27.0757],[-100.534,27.0456],[-100.5453,26.9784],[-100.5407,26.881],[-100.5514,26.8587],[-100.5418,26.806],[-100.5901,26.7595],[-100.6144,26.6856],[-100.6912,26.6138],[-100.753,26.7352],[-100.9051,26.6086],[-101.0789,26.4693],[-101.2068,26.3698],[-101.0917,26.2445],[-101.0746,26.199],[-101.0474,26.1698],[-100.9827,26.1395],[-100.9429,26.0868],[-100.9164,26.0756],[-100.9046,26.0087],[-100.9055,25.9569],[-100.8344,25.945],[-100.8227,25.9169],[-100.8358,25.8666],[-100.8619,25.8185],[-100.8056,25.7243],[-100.7878,25.6836],[-100.7834,25.6397],[-100.7298,25.6339],[-100.7199,25.6031],[-100.6903,25.5671],[-100.6329,25.5713],[-100.612,25.5514],[-100.5795,25.4945],[-100.5849,25.4708],[-100.5309,25.4635],[-100.5227,25.4343],[-100.4519,25.4108],[-100.4701,25.3378],[-100.391,25.3281],[-100.3268,25.3404],[-100.2541,25.3069],[-100.2296,25.2179],[-100.2614,25.2071],[-100.3256,25.2223],[-100.332,25.1863],[-100.4985,25.2375],[-100.5957,25.2548],[-100.7089,25.2365],[-100.8031,25.1653],[-100.8215,24.9967],[-100.7275,24.9187],[-100.8261,24.835],[-100.797,24.7508],[-100.8055,24.5963],[-100.7999,24.5562]]]},"properties":{"shapeName":"Nuevo Leon","shapeISO":"MX-NLE","shapeID":"31927357B30741484985331","shapeGroup":"MEX","shapeType":"ADM1"}},
{"type":"Feature","geometry":{"type":"Polygon","coordinates":[[[-93.8674,17.137],[-94.3959,17.1664],[-94.9228,17.1938],[-94.9112,17.2137],[-94.9018,17.2964],[-94.9289,17.3247],[-94.9712,17.331],[-95.0766,17.3729],[-95.2713,17.6247],[-95.1881,17.6507],[-95.1903,17.692],[-95.2389,17.7393],[-95.2645,17.7185],[-95.31,17.7086],[-95.3344,17.6748],[-95.4155,17.6508],[-95.4545,17.6111],[-95.4842,17.6019],[-95.5867,17.5349],[-95.6372,17.5488],[-95.6997,17.5224],[-95.7218,17.5396],[-95.7296,17.5711],[-95.7716,17.5887],[-95.7734,17.6238],[-95.8385,17.66],[-95.8675,17.6848],[-95.8728,17.7274],[-95.9028,17.7327],[-95.7999,17.95],[-95.8332,18.129],[-95.9072,18.1356],[-95.9535,18.1599],[-96.0257,18.1335],[-96.057,18.134],[-96.0838,18.1614],[-96.1134,18.164],[-96.1185,18.1418],[-96.1384,18.1334],[-96.1578,18.1312],[-96.1782,18.1386],[-96.1896,18.1508],[-96.268,18.224],[-96.287,18.2581],[-96.2797,18.2999],[-96.3099,18.3224],[-96.3173,18.3645],[-96.3473,18.3823],[-96.3526,18.4102],[-96.4001,18.4442],[-96.4202,18.508],[-96.455,18.5493],[-96.4573,18.5704],[-96.4997,18.5895],[-96.5609,18.5877],[-96.6167,18.6191],[-96.683,18.6697],[-96.6887,18.6388],[-96.6722,18.6186],[-96.6938,18.5912],[-96.6909,18.568],[-96.7118,18.5481],[-96.6865,18.5118],[-96.6882,18.4627],[-96.7091,18.4257],[-96.681,18.4122],[-96.6833,18.3784],[-96.7287,18.3957],[-96.7546,18.3922],[-96.8214,18.3213],[-96.8462,18.2469],[-96.9219,18.2406],[-96.9326,18.2212],[-96.9741,18.2324],[-97.0402,18.1748],[-97.0421,18.1566],[-97.1057,18.1481],[-97.1339,18.1577],[-97.1672,18.1942],[-97.2143,18.1637],[-97.225,18.1742],[-97.2765,18.1568],[-97.2967,18.1601],[-97.3829,18.0972],[-97.4112,18.1024],[-97.4414,18.0719],[-97.4669,18.027],[-97.5439,18.0334],[-97.5638,18.0626],[-97.5696,18.1034],[-97.5975,18.1265],[-97.6093,18.1537],[-97.6532,18.1753],[-97.6359,18.1936],[-97.644,18.2794],[-97.6547,18.2931],[-97.7497,18.2758],[-97.7973,18.2832],[-97.8592,18.1923],[-97.8442,18.1738],[-97.8675,18.1446],[-97.8672,18.1149],[-97.8348,18.0498],[-97.8426,17.9961],[-97.8214,17.9882],[-97.7909,18.0042],[-97.7985,18.0358],[-97.7717,18.0684],[-97.6988,18.0217],[-97.7583,18.0041],[-97.7679,17.9767],[-97.8018,17.9593],[-97.8193,17.9147],[-97.8701,17.9172],[-97.9031,17.9092],[-97.9363,17.9172],[-97.9374,17.9679],[-98.0254,17.9856],[-98.1164,17.9824],[-98.1696,17.9528],[-98.1779,17.897],[-98.2097,17.8798],[-98.2465,17.8784],[-98.2823,17.9352],[-98.3081,17.8899],[-98.3702,17.8799],[-98.3988,17.8609],[-98.4249,17.866],[-98.425,17.8396],[-98.4939,17.773],[-98.4862,17.681],[-98.4707,17.6781],[-98.461,17.6304],[-98.4102,17.5998],[-98.377,17.6053],[-98.3295,17.533],[-98.3119,17.4775],[-98.3359,17.4563],[-98.3049,17.3943],[-98.2874,17.329],[-98.3048,17.3275],[-98.3235,17.2759],[-98.3021,17.2463],[-98.2348,17.2472],[-98.2031,17.2163],[-98.2227,17.1466],[-98.2127,17.1187],[-98.1534,17.1104],[-98.118,17.0955],[-98.0809,17.0666],[-98.0073,17.0401],[-98.0252,17.0192],[-98.0575,17.0238],[-98.1065,16.9567],[-98.076,16.8675],[-98.0811,16.8334],[-98.1082,16.761],[-98.139,16.7238],[-98.1659,16.7217],[-98.2055,16.698],[-98.2353,16.7138],[-98.2459,16.6707],[-98.2047,16.5911],[-98.2499,16.5635],[-98.33,16.5727],[-98.3403,16.5582],[-98.3951,16.5468],[-98.3833,16.5127],[-98.3538,16.4913],[-98.3499,16.4444],[-98.3992,16.3805],[-98.4542,16.3858],[-98.5384,16.3471],[-98.5526,16.316],[-98.4055,16.267],[-98.3362,16.2594],[-98.2291,16.2378],[-98.1829,16.2468],[-98.1846,16.2122],[-98.1054,16.1784],[-97.9636,16.1021],[-97.8602,16.0294],[-97.767,15.9763],[-97.7004,15.9653],[-97.6637,15.9768],[-97.6146,15.977],[-97.5867,16.0146],[-97.5512,15.9781],[-97.4775,15.9534],[-97.3682,15.9368],[-97.3284,15.9454],[-97.2108,15.9234],[-97.1429,15.8982],[-97.1031,15.8688],[-97.0697,15.856],[-97.0486,15.8282],[-97.0142,15.806],[-96.9697,15.7955],[-96.905,15.7685],[-96.8604,15.7398],[-96.7482,15.7269],[-96.6593,15.7022],[-96.5599,15.6615],[-96.4954,15.6591],[-96.4262,15.6964],[-96.3616,15.6826],[-96.3498,15.6904],[-96.2444,15.6853],[-96.1329,15.7397],[-96.1317,15.7533],[-96.0843,15.7679],[-96.0551,15.7876],[-95.9585,15.8288],[-95.8802,15.8519],[-95.7772,15.8711],[-95.77,15.8946],[-95.6625,15.9124],[-95.6201,15.9276],[-95.5685,15.9578],[-95.4986,15.9656],[-95.4858,15.9758],[-95.4356,15.9761],[-95.4265,15.9969],[-95.3711,16.019],[-95.378,16.0463],[-95.3535,16.0797],[-95.2774,16.1071],[-95.232,16.1597],[-95.1519,16.1678],[-95.1389,16.1887],[-95.0701,16.1834],[-94.9291,16.2077],[-94.8308,16.2157],[-94.8746,16.2365],[-95.0547,16.2246],[-95.1002,16.2319],[-95.0303,16.3299],[-94.975,16.3294],[-94.9547,16.3845],[-94.9233,16.4197],[-94.844,16.4307],[-94.8086,16.3885],[-94.8166,16.3682],[-94.7743,16.3339],[-94.7776,16.3007],[-94.7343,16.3044],[-94.7275,16.3307],[-94.6794,16.3633],[-94.6144,16.3535],[-94.5813,16.3367],[-94.5914,16.3025],[-94.5623,16.2995],[-94.5599,16.2579],[-94.6124,16.2155],[-94.6277,16.2668],[-94.6595,16.2512],[-94.7318,16.2314],[-94.7153,16.2104],[-94.54,16.1919],[-94.384,16.1583],[-94.2948,16.1306],[-94.2024,16.0968],[-94.0918,16.044],[-94.0368,16.0225],[-94.0648,16.0728],[-94.088,16.092],[-94.1641,16.1155],[-94.1624,16.1267],[-94.2172,16.1634],[-94.2884,16.1699],[-94.3029,16.1543],[-94.4211,16.1835],[-94.4437,16.2362],[-94.4094,16.2577],[-94.406,16.2891],[-94.3741,16.297],[-94.3506,16.2743],[-94.3362,16.238],[-94.2202,16.1899],[-94.1689,16.1981],[-94.1237,16.2226],[-94.1029,16.1431],[-94.1096,16.1791],[-94.0485,16.2162],[-94.033,16.2759],[-94.0507,16.3297],[-94.1392,16.4618],[-93.9942,16.8228],[-93.8674,17.137]]]},"properties":{"shapeName":"Oaxaca","shapeISO":"MX-OAX","shapeID":"31927357B6525686063804","shapeGroup":"MEX","shapeType":"ADM1"}},
{"type":"Feature","geometry":{"type":"Polygon","coordinates":[[[-98.4249,17.866],[-98.3988,17.8609],[-98.3702,17.8799],[-98.3081,17.8899],[-98.2823,17.9352],[-98.2465,17.8784],[-98.2097,17.8798],[-98.1779,17.897],[-98.1696,17.9528],[-98.1164,17.9824],[-98.0254,17.9856],[-97.9374,17.9679],[-97.9363,17.9172],[-97.9031,17.9092],[-97.8701,17.9172],[-97.8193,17.9147],[-97.8018,17.9593],[-97.7679,17.9767],[-97.7583,18.0041],[-97.6988,18.0217],[-97.7717,18.0684],[-97.7985,18.0358],[-97.7909,18.0042],[-97.8214,17.9882],[-97.8426,17.9961],[-97.8348,18.0498],[-97.8672,18.1149],[-97.8675,18.1446],[-97.8442,18.1738],[-97.8592,18.1923],[-97.7973,18.2832],[-97.7497,18.2758],[-97.6547,18.2931],[-97.644,18.2794],[-97.6359,18.1936],[-97.6532,18.1753],[-97.6093,18.1537],[-97.5975,18.1265],[-97.5696,18.1034],[-97.5638,18.0626],[-97.5439,18.0334],[-97.4669,18.027],[-97.4414,18.0719],[-97.4112,18.1024],[-97.3829,18.0972],[-97.2967,18.1601],[-97.2765,18.1568],[-97.225,18.1742],[-97.2143,18.1637],[-97.1672,18.1942],[-97.1339,18.1577],[-97.1057,18.1481],[-97.0421,18.1566],[-97.0402,18.1748],[-96.9741,18.2324],[-96.9326,18.2212],[-96.9219,18.2406],[-96.8462,18.2469],[-96.8214,18.3213],[-96.7546,18.3922],[-96.7287,18.3957],[-96.7664,18.4127],[-96.784,18.4396],[-96.797,18.5119],[-96.8251,18.4981],[-96.8645,18.5144],[-96.8993,18.5486],[-96.9259,18.5349],[-96.9543,18.5538],[-96.9738,18.5368],[-97.0464,18.4996],[-97.0761,18.466],[-97.1446,18.5709],[-97.1496,18.597],[-97.1969,18.6296],[-97.2354,18.6436],[-97.2719,18.6278],[-97.3032,18.6743],[-97.344,18.6858],[-97.35,18.7171],[-97.337,18.7684],[-97.353,18.7913],[-97.2714,18.8908],[-97.2458,18.8933],[-97.2583,18.9777],[-97.2851,18.9994],[-97.2666,19.0303],[-97.2614,19.0966],[-97.2375,19.1095],[-97.2096,19.1599],[-97.1087,19.1684],[-97.0751,19.1579],[-97.042,19.1286],[-97.0414,19.1744],[-97.0562,19.1977],[-97.0149,19.2319],[-96.9859,19.2813],[-97.031,19.2973],[-97.0679,19.3214],[-97.0957,19.3052],[-97.1757,19.3279],[-97.2156,19.3233],[-97.2102,19.3594],[-97.2548,19.3818],[-97.3378,19.3925],[-97.3605,19.376],[-97.3899,19.4289],[-97.3573,19.4324],[-97.3483,19.4846],[-97.4046,19.4959],[-97.4021,19.5154],[-97.4266,19.5417],[-97.4343,19.5888],[-97.4185,19.6272],[-97.3948,19.6211],[-97.3474,19.6634],[-97.3074,19.6845],[-97.3222,19.7224],[-97.315,19.8278],[-97.2918,19.9003],[-97.2558,19.9325],[-97.2607,19.9773],[-97.2069,20.0147],[-97.2111,20.0426],[-97.1773,20.0741],[-97.1577,20.1097],[-97.1644,20.1518],[-97.3655,20.2158],[-97.3819,20.2497],[-97.4082,20.2321],[-97.4453,20.2462],[-97.4643,20.2242],[-97.4625,20.1846],[-97.5054,20.1539],[-97.4948,20.1373],[-97.5396,20.116],[-97.5821,20.109],[-97.6027,20.1193],[-97.6045,20.1669],[-97.693,20.1694],[-97.7307,20.2052],[-97.7409,20.2746],[-97.6768,20.3061],[-97.7429,20.3512],[-97.7558,20.413],[-97.7287,20.4573],[-97.6977,20.4325],[-97.6454,20.4083],[-97.6407,20.4423],[-97.5863,20.4725],[-97.576,20.4909],[-97.541,20.4897],[-97.59,20.5561],[-97.6101,20.5639],[-97.6613,20.5456],[-97.7312,20.6378],[-97.7491,20.7321],[-97.7285,20.7413],[-97.7212,20.7953],[-97.773,20.8272],[-97.824,20.8098],[-97.8791,20.8343],[-97.9224,20.7165],[-97.8974,20.7032],[-97.9178,20.6712],[-97.8951,20.6227],[-97.9097,20.5864],[-97.9808,20.5407],[-97.985,20.517],[-98.0219,20.4489],[-98.0705,20.4303],[-98.0894,20.3891],[-98.1268,20.3362],[-98.1792,20.3324],[-98.1791,20.2938],[-98.2576,20.2981],[-98.2844,20.2628],[-98.2789,20.2253],[-98.2438,20.2179],[-98.1924,20.2582],[-98.1759,20.2542],[-98.1275,20.1825],[-98.1398,20.1548],[-98.1051,20.1423],[-98.1085,20.1208],[-98.1567,20.0949],[-98.1681,20.0572],[-98.164,20.0225],[-98.1807,19.9598],[-98.2159,19.9685],[-98.2678,19.9161],[-98.315,19.8551],[-98.2671,19.8433],[-98.2348,19.777],[-98.1944,19.7654],[-98.2151,19.7413],[-98.2553,19.7188],[-98.2411,19.6791],[-98.1599,19.6693],[-98.0529,19.7131],[-98.0364,19.6858],[-98.0422,19.6402],[-97.9838,19.6294],[-97.9505,19.6026],[-97.8818,19.5718],[-97.8683,19.5535],[-97.8897,19.5046],[-97.8582,19.4931],[-97.8461,19.4688],[-97.8147,19.4825],[-97.7548,19.4575],[-97.7245,19.4316],[-97.7055,19.3936],[-97.6739,19.3675],[-97.6314,19.3554],[-97.6264,19.3239],[-97.6909,19.2859],[-97.7451,19.3053],[-97.7651,19.2869],[-97.8005,19.3016],[-97.8393,19.3014],[-97.8703,19.2706],[-97.851,19.2229],[-97.8932,19.2003],[-97.9282,19.1642],[-97.9986,19.1983],[-98.0317,19.2309],[-98.1102,19.1432],[-98.1662,19.1051],[-98.223,19.1366],[-98.2302,19.1567],[-98.2697,19.1624],[-98.3689,19.2261],[-98.3804,19.2617],[-98.4101,19.2913],[-98.4077,19.3159],[-98.4413,19.3253],[-98.4703,19.3608],[-98.5232,19.4609],[-98.5703,19.4668],[-98.5913,19.4492],[-98.6532,19.466],[-98.6347,19.4299],[-98.6628,19.403],[-98.6445,19.352],[-98.6635,19.3248],[-98.6275,19.2578],[-98.6436,19.2387],[-98.647,19.1848],[-98.627,19.1248],[-98.6393,19.0774],[-98.6199,19.0351],[-98.6329,19.0155],[-98.6736,18.9517],[-98.6814,18.9072],[-98.6642,18.8932],[-98.7241,18.8111],[-98.7535,18.743],[-98.7159,18.7392],[-98.7413,18.7079],[-98.7125,18.6213],[-98.7167,18.5659],[-98.7028,18.5388],[-98.699,18.495],[-98.7253,18.4413],[-98.8164,18.5182],[-98.8504,18.478],[-98.9122,18.4621],[-98.9193,18.432],[-99.0182,18.3878],[-99.066,18.3326],[-99.0652,18.2771],[-99.0491,18.2596],[-98.995,18.2374],[-99.0001,18.1902],[-98.9572,18.1887],[-98.8819,18.1662],[-98.8524,18.1176],[-98.8707,18.0582],[-98.813,18.0649],[-98.8003,18.0531],[-98.7379,18.04],[-98.7671,18.0196],[-98.8159,18.0079],[-98.7318,17.9826],[-98.6446,17.9336],[-98.5855,17.9749],[-98.5296,17.9758],[-98.5237,17.9942],[-98.4328,17.9839],[-98.4242,17.9382],[-98.4392,17.919],[-98.4249,17.866]]]},"properties":{"shapeName":"Puebla","shapeISO":"MX-PUE","shapeID":"31927357B1137737933275","shapeGroup":"MEX","shapeType":"ADM1"}},
{"type":"Feature","geometry":{"type":"Polygon","coordinates":[[[-100.3507,20.2884],[-100.3458,20.298],[-100.2605,20.2675],[-100.1811,20.2088],[-100.1919,20.176],[-100.2356,20.1435],[-100.1974,20.1299],[-100.2015,20.0777],[-100.1468,20.0575],[-100.1379,20.0443],[-100.085,20.0248],[-100.0056,20.0642],[-99.9263,20.0643],[-99.9422,20.1201],[-99.9358,20.1693],[-99.9865,20.2571],[-99.9582,20.2518],[-99.9152,20.2855],[-99.8591,20.2685],[-99.8281,20.543],[-99.7793,20.5593],[-99.7387,20.5605],[-99.6346,20.6057],[-99.6129,20.595],[-99.5735,20.635],[-99.5019,20.659],[-99.5049,20.6808],[-99.5437,20.7184],[-99.5485,20.7372],[-99.5024,20.7739],[-99.4887,20.8329],[-99.4486,20.8585],[-99.4352,20.8994],[-99.3906,20.9523],[-99.3963,20.9811],[-99.3642,21.0492],[-99.3987,21.089],[-99.3464,21.1009],[-99.3418,21.1237],[-99.3092,21.1473],[-99.2477,21.1013],[-99.2141,21.1068],[-99.1762,21.1378],[-99.0727,21.158],[-99.0431,21.1787],[-99.0524,21.2195],[-99.0551,21.2825],[-99.1043,21.2896],[-99.1378,21.3298],[-99.1295,21.362],[-99.0926,21.3634],[-99.0981,21.4084],[-99.126,21.4605],[-99.1423,21.5354],[-99.1283,21.5898],[-99.1719,21.627],[-99.1817,21.6614],[-99.2177,21.6666],[-99.2251,21.6333],[-99.2553,21.6099],[-99.2807,21.6079],[-99.274,21.5678],[-99.3055,21.5329],[-99.3499,21.5524],[-99.3759,21.5479],[-99.3744,21.5033],[-99.4059,21.4283],[-99.4363,21.4499],[-99.4698,21.4465],[-99.4884,21.422],[-99.5371,21.4315],[-99.6258,21.5073],[-99.6611,21.5686],[-99.7467,21.5784],[-99.7567,21.5142],[-99.7773,21.495],[-99.7755,21.375],[-99.7945,21.3574],[-99.7799,21.313],[-99.7524,21.2918],[-99.7373,21.3129],[-99.6713,21.3012],[-99.6991,21.2667],[-99.6955,21.2282],[-99.7385,21.2358],[-99.777,21.1959],[-99.8313,21.1573],[-99.9426,21.1944],[-99.9479,21.2124],[-99.9864,21.2183],[-100.0275,21.1003],[-100.0109,21.0431],[-100.0226,21.0146],[-100.0607,21.0058],[-100.078,20.9727],[-100.0642,20.9363],[-100.1178,20.9222],[-100.1353,20.9373],[-100.2009,20.937],[-100.2636,20.971],[-100.2655,20.9292],[-100.3336,20.8907],[-100.4134,20.8874],[-100.47,20.907],[-100.5073,20.8695],[-100.502,20.8529],[-100.5593,20.8299],[-100.5641,20.7747],[-100.5489,20.7364],[-100.5965,20.7173],[-100.5619,20.6714],[-100.5511,20.6338],[-100.4979,20.6158],[-100.4822,20.5764],[-100.5048,20.555],[-100.5085,20.5262],[-100.4884,20.4733],[-100.4885,20.4258],[-100.4762,20.3896],[-100.41,20.376],[-100.394,20.3502],[-100.3913,20.3131],[-100.3507,20.2884]]]},"properties":{"shapeName":"Queretaro de Arteaga","shapeISO":"MX-QUE","shapeID":"31927357B98648037880103","shapeGroup":"MEX","shapeType":"ADM1"}},
{"type":"Feature","geometry":{"type":"MultiPolygon","coordinates":[[[[-86.7269,20.5777],[-86.839,20.5393],[-86.8806,20.5448],[-86.8968,20.5654],[-86.9269,20.551],[-87.016,20.4126],[-87.0209,20.3403],[-86.9878,20.272],[-86.8982,20.3446],[-86.8353,20.4306],[-86.8164,20.4395],[-86.7634,20.5071],[-86.7269,20.5777]]],[[[-89.152,17.9404],[-89.1341,17.9708],[-89.1116,17.9698],[-89.0764,17.9938],[-89.0375,18.0051],[-89.0006,17.9844],[-88.993,17.9597],[-88.9309,17.9429],[-88.9206,17.9186],[-88.8598,17.8945],[-88.8522,17.9335],[-88.8152,17.9503],[-88.7847,17.9829],[-88.7667,18.0343],[-88.7168,18.0605],[-88.7186,18.1088],[-88.6735,18.1942],[-88.6047,18.241],[-88.6021,18.2958],[-88.5445,18.3599],[-88.5516,18.3761],[-88.532,18.4082],[-88.5186,18.4622],[-88.4805,18.4922],[-88.4425,18.4814],[-88.4024,18.4967],[-88.387,18.4816],[-88.3163,18.4956],[-88.2857,18.4937],[-88.231,18.5868],[-88.1916,18.6803],[-88.1604,18.7046],[-88.1805,18.7244],[-88.145,18.7444],[-88.1257,18.7838],[-88.0679,18.8616],[-88.0368,18.8502],[-88.0471,18.8114],[-88.0069,18.7715],[-88.0022,18.7409],[-88.0173,18.6966],[-87.9996,18.6661],[-88.0177,18.618],[-88.0344,18.605],[-88.0493,18.5264],[-88.0758,18.5132],[-88.0749,18.4787],[-88.0232,18.4578],[-87.9341,18.4382],[-87.9358,18.3995],[-87.8953,18.3729],[-87.8799,18.328],[-87.8745,18.2607],[-87.8953,18.228],[-87.8626,18.2196],[-87.8441,18.1935],[-87.8343,18.2843],[-87.8196,18.3318],[-87.7641,18.4178],[-87.7623,18.496],[-87.74,18.5455],[-87.7263,18.6642],[-87.7046,18.7221],[-87.6683,18.7706],[-87.6631,18.8265],[-87.6436,18.8569],[-87.6274,18.9397],[-87.6053,18.9877],[-87.5494,19.0866],[-87.5486,19.1444],[-87.5372,19.208],[-87.4456,19.3117],[-87.4827,19.3021],[-87.5062,19.3219],[-87.5666,19.2847],[-87.607,19.2299],[-87.6253,19.1804],[-87.6736,19.1935],[-87.6899,19.2371],[-87.6612,19.2607],[-87.6794,19.3018],[-87.655,19.3198],[-87.6655,19.3436],[-87.6333,19.3846],[-87.5444,19.4287],[-87.5206,19.3999],[-87.4913,19.437],[-87.4401,19.4692],[-87.4104,19.5984],[-87.4457,19.6255],[-87.4586,19.5948],[-87.5086,19.5817],[-87.5237,19.5489],[-87.6093,19.5539],[-87.6328,19.5384],[-87.6506,19.5048],[-87.7438,19.5898],[-87.7423,19.6637],[-87.6979,19.68],[-87.6508,19.6756],[-87.6064,19.7392],[-87.5787,19.7906],[-87.5419,19.8112],[-87.4975,19.8072],[-87.4654,19.8791],[-87.469,19.957],[-87.4894,19.9599],[-87.4887,19.996],[-87.5229,20.0942],[-87.4964,20.1207],[-87.4736,20.1008],[-87.4529,20.1641],[-87.4235,20.2262],[-87.3647,20.2943],[-87.3228,20.3767],[-87.2463,20.4849],[-87.1691,20.5359],[-87.101,20.5909],[-87.0218,20.6745],[-87.0102,20.7024],[-86.9627,20.7301],[-86.9642,20.7478],[-86.9202,20.808],[-86.8743,20.8474],[-86.8469,20.904],[-86.8218,21.0018],[-86.8091,21.0301],[-86.7819,21.0501],[-86.7475,21.1316],[-86.7973,21.1542],[-86.8071,21.1836],[-86.8015,21.2389],[-86.8166,21.2849],[-86.8496,21.2517],[-86.8643,21.2762],[-86.8656,21.3279],[-86.8875,21.4047],[-86.9494,21.4848],[-86.9634,21.528],[-86.9827,21.5189],[-87.0157,21.5508],[-87.0624,21.5671],[-87.0855,21.5893],[-87.1286,21.5541],[-87.0995,21.5276],[-87.1113,21.4711],[-87.1657,21.45],[-87.2499,21.4338],[-87.3554,21.4468],[-87.4303,21.468],[-87.4709,21.4562],[-87.488,21.4843],[-87.5349,21.4894],[-87.5331,20.9996],[-87.7443,20.6538],[-87.9627,20.4467],[-87.9951,20.4473],[-87.993,20.418],[-88.1365,20.2814],[-88.2646,20.2903],[-88.273,20.2699],[-88.3088,20.2535],[-88.3519,20.259],[-88.4091,20.2521],[-88.4434,20.2381],[-88.5023,20.1901],[-88.5076,20.1434],[-88.5767,20.1481],[-88.6906,20.0899],[-88.6849,20.0774],[-88.7002,20.0104],[-88.7425,20.0151],[-88.7835,20.0082],[-88.8097,19.926],[-88.833,19.8782],[-88.8802,19.8781],[-88.8976,19.8369],[-88.9295,19.7909],[-88.9439,19.8134],[-88.9745,19.8181],[-89.0252,19.7767],[-89.0488,19.7215],[-89.0305,19.7088],[-89.0362,19.678],[-89.1234,19.7034],[-89.1336,19.6146],[-89.1084,19.6123],[-89.109,19.5823],[-89.1495,19.5812],[-89.1449,19.6374],[-89.1892,19.644],[-89.2229,19.6367],[-89.2196,19.608],[-89.2966,19.5512],[-89.1467,19.4239],[-89.147,19.1332],[-89.1358,19.1324],[-89.1471,18.995],[-89.1486,18.8773],[-89.1444,18.7559],[-89.1513,18.724],[-89.1502,18.4511],[-89.1255,18.4506],[-89.1212,18.3858],[-89.1382,18.3855],[-89.1324,18.2934],[-89.1517,18.2936],[-89.1581,18.2213],[-89.1429,18.2242],[-89.1431,18.1458],[-89.2002,18.1446],[-89.2025,18.0833],[-89.1444,18.0824],[-89.1634,18.0579],[-89.163,18.0185],[-89.2067,18.0211],[-89.2059,17.9541],[-89.152,17.9404]]],[[[-87.0951,21.6034],[-87.148,21.5706],[-87.2008,21.5485],[-87.2571,21.539],[-87.3082,21.5475],[-87.3168,21.5307],[-87.2435,21.5254],[-87.1955,21.5335],[-87.1576,21.5624],[-87.1247,21.5738],[-87.0951,21.6034]]]]},"properties":{"shapeName":"Quintana Roo","shapeISO":"MX-ROO","shapeID":"31927357B30293642818187","shapeGroup":"MEX","shapeType":"ADM1"}},
{"type":"Feature","geometry":{"type":"Polygon","coordinates":[[[-99.7773,21.495],[-99.7567,21.5142],[-99.7467,21.5784],[-99.6611,21.5686],[-99.6258,21.5073],[-99.5371,21.4315],[-99.4884,21.422],[-99.4698,21.4465],[-99.4363,21.4499],[-99.4059,21.4283],[-99.3744,21.5033],[-99.3759,21.5479],[-99.3499,21.5524],[-99.3055,21.5329],[-99.274,21.5678],[-99.2807,21.6079],[-99.2553,21.6099],[-99.2251,21.6333],[-99.2177,21.6666],[-99.1817,21.6614],[-99.1719,21.627],[-99.1283,21.5898],[-99.1423,21.5354],[-99.126,21.4605],[-99.0981,21.4084],[-99.0926,21.3634],[-99.1295,21.362],[-99.1378,21.3298],[-99.1043,21.2896],[-99.0551,21.2825],[-98.945,21.3113],[-98.9326,21.2983],[-98.9178,21.2398],[-98.8829,21.1926],[-98.8206,21.1604],[-98.7808,21.186],[-98.7277,21.1795],[-98.6769,21.1994],[-98.6424,21.1822],[-98.6087,21.2014],[-98.6047,21.3018],[-98.6707,21.3247],[-98.644,21.3665],[-98.5969,21.3591],[-98.5496,21.3846],[-98.5296,21.3678],[-98.5043,21.3894],[-98.5216,21.4047],[-98.5169,21.4607],[-98.543,21.5138],[-98.5985,21.5379],[-98.6257,21.5926],[-98.6114,21.6719],[-98.5583,21.6877],[-98.5674,21.7174],[-98.482,21.74],[-98.4624,21.7913],[-98.5179,21.8297],[-98.5453,21.888],[-98.5347,21.9064],[-98.5765,21.9474],[-98.522,21.9794],[-98.4932,21.9604],[-98.4636,21.991],[-98.4195,22.1009],[-98.432,22.1283],[-98.3365,22.1877],[-98.3446,22.2221],[-98.4051,22.2561],[-98.4467,22.3056],[-98.4778,22.2962],[-98.5352,22.3379],[-98.5793,22.3486],[-98.5829,22.3731],[-98.6761,22.3732],[-98.6709,22.4057],[-98.7008,22.4026],[-98.7517,22.369],[-98.8215,22.3563],[-98.8499,22.3681],[-98.89,22.3551],[-98.932,22.3928],[-99.0604,22.4153],[-99.1206,22.4066],[-99.2368,22.4129],[-99.2631,22.4698],[-99.2724,22.5133],[-99.3296,22.6349],[-99.3732,22.6291],[-99.3884,22.6693],[-99.4421,22.6636],[-99.4771,22.7406],[-99.5443,22.7441],[-99.4945,22.6209],[-99.5347,22.6128],[-99.5606,22.6412],[-99.6825,22.6811],[-99.7241,22.6596],[-99.785,22.6685],[-99.8055,22.6578],[-99.8479,22.6784],[-99.8428,22.7306],[-99.8824,22.7499],[-99.957,22.7517],[-100.0223,22.7259],[-100.0941,22.7513],[-100.1019,22.7628],[-100.0294,22.8244],[-100.0442,22.9179],[-100.1104,22.9167],[-100.1108,22.9757],[-100.0995,23.0079],[-100.0116,23.0656],[-100.069,23.0959],[-100.0687,23.1212],[-100.1156,23.126],[-100.1183,23.2005],[-100.1038,23.2315],[-100.2282,23.2505],[-100.2202,23.2979],[-100.2784,23.3104],[-100.3063,23.2609],[-100.3743,23.2653],[-100.3638,23.189],[-100.3235,23.1956],[-100.3318,23.1627],[-100.4798,23.1944],[-100.4836,23.214],[-100.4571,23.3664],[-100.5172,23.421],[-100.4942,23.5284],[-100.4591,23.5332],[-100.4695,23.5668],[-100.4916,23.5686],[-100.4774,23.6338],[-100.4457,23.6773],[-100.4977,23.7363],[-100.4976,23.7987],[-100.5503,23.8422],[-100.5398,23.8884],[-100.5624,23.9196],[-100.5413,24.0257],[-100.5238,24.0715],[-100.5496,24.1483],[-100.5935,24.1782],[-100.5851,24.2239],[-100.6331,24.226],[-100.5999,24.3488],[-100.6035,24.4013],[-100.7112,24.4915],[-100.7423,24.4604],[-100.8504,24.3435],[-100.9453,24.2812],[-101.0067,24.3358],[-101.0127,24.3908],[-101.0654,24.207],[-101.1732,24.1641],[-101.2167,24.1597],[-101.1925,23.9186],[-101.327,23.8127],[-101.4371,23.717],[-101.7751,23.4476],[-102.0119,23.3727],[-102.1225,23.3539],[-102.1688,23.361],[-102.1686,23.3989],[-102.1913,23.4014],[-102.1936,23.4476],[-102.2382,23.4469],[-102.2536,23.365],[-102.296,23.3205],[-102.2547,23.2808],[-102.2858,23.2733],[-102.2894,23.2317],[-102.2395,23.2095],[-102.241,23.1694],[-102.2142,23.1313],[-102.2497,23.0755],[-102.1921,22.8649],[-102.1249,22.783],[-101.9398,22.6457],[-101.8533,22.656],[-101.873,22.5631],[-101.8199,22.5513],[-101.8371,22.4997],[-101.7834,22.465],[-101.7462,22.5087],[-101.696,22.5204],[-101.6565,22.5133],[-101.5738,22.6128],[-101.5674,22.6568],[-101.497,22.7015],[-101.491,22.7429],[-101.4111,22.7477],[-101.3601,22.7143],[-101.38,22.6758],[-101.3369,22.6588],[-101.2936,22.5845],[-101.2951,22.5285],[-101.2857,22.5079],[-101.3154,22.4696],[-101.3137,22.4535],[-101.3748,22.4565],[-101.3819,22.3575],[-101.433,22.3633],[-101.4351,22.3415],[-101.3854,22.2651],[-101.3243,22.2099],[-101.3513,22.1768],[-101.3294,22.1356],[-101.3508,22.0878],[-101.3524,22.0131],[-101.4304,21.9323],[-101.4102,21.9087],[-101.4832,21.8677],[-101.4963,21.8099],[-101.4739,21.8274],[-101.4227,21.825],[-101.3653,21.8394],[-101.3195,21.8353],[-101.2815,21.8215],[-101.2172,21.8161],[-101.2198,21.8022],[-101.1613,21.7575],[-101.1361,21.7532],[-101.0592,21.7655],[-100.982,21.7535],[-100.9381,21.7205],[-100.9024,21.682],[-100.8343,21.6646],[-100.8577,21.619],[-100.7505,21.5803],[-100.7176,21.5502],[-100.6812,21.5475],[-100.6575,21.5247],[-100.6143,21.5331],[-100.582,21.5261],[-100.534,21.5423],[-100.466,21.5429],[-100.4715,21.5876],[-100.4513,21.6666],[-100.3986,21.6747],[-100.3514,21.6917],[-100.3221,21.6821],[-100.2721,21.6873],[-100.2463,21.6649],[-100.2223,21.6657],[-100.1671,21.6341],[-100.125,21.5935],[-100.0758,21.5579],[-100.0623,21.5233],[-99.9568,21.5262],[-99.9651,21.5051],[-99.9432,21.4618],[-99.9052,21.4482],[-99.867,21.4735],[-99.8349,21.4781],[-99.8171,21.4617],[-99.7773,21.495]]]},"properties":{"shapeName":"San Luis Potosi","shapeISO":"MX-SLP","shapeID":"31927357B22618747134228","shapeGroup":"MEX","shapeType":"ADM1"}},
{"type":"Feature","geometry":{"type":"MultiPolygon","coordinates":[[[[-108.0921,25.0012],[-108.131,25.0004],[-108.1426,24.9703],[-108.1313,24.937],[-108.0997,24.893],[-108.0903,24.8371],[-108.0544,24.8223],[-108.0423,24.8439],[-108.0373,24.9254],[-108.0603,24.9609],[-108.0575,24.9946],[-108.0921,25.0012]]],[[[-108.329,25.1251],[-108.3325,25.1057],[-108.2971,25.0843],[-108.2287,25.0215],[-108.1362,24.8721],[-108.1024,24.8823],[-108.1328,24.9262],[-108.1802,24.9734],[-108.2018,25.0082],[-108.2757,25.0911],[-108.329,25.1251]]],[[[-109.0125,25.4435],[-108.9112,25.4206],[-108.8053,25.3739],[-108.8248,25.415],[-108.8913,25.4366],[-109.0125,25.4435]]],[[[-108.5025,26.9874],[-108.467,26.9707],[-108.5351,26.841],[-108.557,26.8238],[-108.5369,26.7984],[-108.5942,26.7592],[-108.601,26.7272],[-108.6284,26.7184],[-108.636,26.6905],[-108.679,26.6429],[-108.6788,26.587],[-108.7343,26.5936],[-108.8732,26.5511],[-108.8913,26.4896],[-108.8378,26.4725],[-108.8761,26.4476],[-108.8603,26.4328],[-108.8814,26.4063],[-108.9092,26.4166],[-108.9365,26.3902],[-109.0064,26.4024],[-109.0742,26.3535],[-109.0873,26.3256],[-109.1197,26.303],[-109.1005,26.2661],[-109.1302,26.2176],[-109.1739,26.2636],[-109.1555,26.2987],[-109.1929,26.3409],[-109.2161,26.3339],[-109.2209,26.2638],[-109.2741,26.1559],[-109.2984,26.1823],[-109.3323,26.1645],[-109.4213,26.0295],[-109.4427,25.9621],[-109.4281,25.9455],[-109.4181,25.8931],[-109.4201,25.8234],[-109.3939,25.8127],[-109.3626,25.7656],[-109.2866,25.7283],[-109.2874,25.6567],[-109.244,25.6429],[-109.2532,25.6877],[-109.2149,25.676],[-109.1721,25.6319],[-109.1464,25.5869],[-109.1204,25.6065],[-109.0846,25.5941],[-109.0442,25.6022],[-109.0157,25.6579],[-108.9733,25.6765],[-108.9375,25.6757],[-108.9193,25.6351],[-108.9248,25.6181],[-108.9683,25.6123],[-108.9876,25.5709],[-109.0152,25.5606],[-109.0501,25.5914],[-109.0645,25.5438],[-109.1182,25.5435],[-109.0799,25.4929],[-109.0517,25.4702],[-109.0182,25.4626],[-109.0242,25.501],[-108.9775,25.5102],[-108.9429,25.4915],[-108.9262,25.4568],[-108.8953,25.4888],[-108.9076,25.5586],[-108.8376,25.5664],[-108.8229,25.5307],[-108.7861,25.5411],[-108.7654,25.4983],[-108.7846,25.4742],[-108.7788,25.4379],[-108.7383,25.3985],[-108.6707,25.4027],[-108.6521,25.3442],[-108.5596,25.3113],[-108.4639,25.2658],[-108.4351,25.2436],[-108.387,25.1853],[-108.3633,25.2554],[-108.3145,25.2426],[-108.3179,25.2028],[-108.2513,25.1982],[-108.2229,25.1615],[-108.1627,25.1069],[-108.1,25.1082],[-108.0523,25.0736],[-108.0456,25.0032],[-108.0049,24.973],[-107.9968,24.9351],[-108.018,24.9113],[-107.9922,24.868],[-108.0018,24.8356],[-107.9601,24.7859],[-107.986,24.7663],[-107.9856,24.7389],[-108.0164,24.7264],[-108.0181,24.6816],[-108.0002,24.6539],[-107.9385,24.608],[-107.9277,24.6284],[-107.8332,24.5935],[-107.7727,24.5493],[-107.7337,24.4926],[-107.6796,24.5066],[-107.6368,24.4644],[-107.5951,24.4706],[-107.6017,24.5198],[-107.5697,24.5278],[-107.5369,24.5153],[-107.4908,24.447],[-107.478,24.4137],[-107.4933,24.3391],[-107.5127,24.329],[-107.5404,24.368],[-107.5703,24.3678],[-107.5882,24.3946],[-107.6191,24.3876],[-107.475,24.2922],[-107.4159,24.2453],[-107.3422,24.2292],[-107.3328,24.2134],[-107.2477,24.1594],[-107.2064,24.121],[-107.1787,24.1464],[-107.1279,24.0945],[-107.1744,24.0827],[-107.0117,23.9529],[-106.8909,23.8389],[-106.8815,23.7951],[-106.8455,23.7568],[-106.8468,23.7399],[-106.7929,23.6773],[-106.8108,23.6529],[-106.7045,23.5777],[-106.6757,23.5386],[-106.6275,23.4969],[-106.6301,23.4837],[-106.5594,23.4221],[-106.4835,23.3314],[-106.4657,23.2599],[-106.4258,23.2236],[-106.4301,23.2001],[-106.3906,23.1807],[-106.2926,23.0931],[-106.2336,23.0483],[-106.1748,22.9917],[-106.0647,22.8698],[-106.0373,22.8341],[-105.964,22.7906],[-105.8477,22.6852],[-105.8014,22.6263],[-105.763,22.552],[-105.7495,22.5524],[-105.7239,22.4973],[-105.6866,22.499],[-105.7076,22.5603],[-105.6666,22.5806],[-105.6005,22.5589],[-105.5983,22.5367],[-105.5399,22.5356],[-105.4608,22.5086],[-105.4366,22.5375],[-105.4391,22.5879],[-105.451,22.627],[-105.4981,22.6514],[-105.5229,22.7243],[-105.5199,22.7728],[-105.4877,22.826],[-105.4712,22.8833],[-105.4987,22.9336],[-105.5013,22.9586],[-105.4533,22.9774],[-105.4326,23.024],[-105.4132,23.0371],[-105.413,23.0741],[-105.3922,23.0841],[-105.4159,23.1169],[-105.504,23.1277],[-105.5543,23.0989],[-105.5976,23.1091],[-105.644,23.1418],[-105.633,23.1734],[-105.6303,23.2356],[-105.6432,23.2765],[-105.6848,23.2857],[-105.7173,23.38],[-105.7003,23.4202],[-105.7389,23.4452],[-105.7234,23.4748],[-105.751,23.5003],[-105.7693,23.5565],[-105.8066,23.5889],[-105.8116,23.611],[-105.9089,23.5883],[-105.9266,23.6841],[-105.9061,23.7394],[-105.9393,23.7914],[-105.9613,23.8407],[-105.9537,23.9086],[-105.8672,23.8752],[-105.8588,23.9021],[-105.8999,23.9439],[-105.9454,23.948],[-105.9085,23.9834],[-105.9666,24.0318],[-105.9987,24.0434],[-106.0036,24.0762],[-105.9897,24.1144],[-106.0286,24.1803],[-106.0439,24.2209],[-106.0699,24.2202],[-106.0758,24.2714],[-106.1525,24.3388],[-106.2689,24.3748],[-106.3278,24.3611],[-106.3675,24.3019],[-106.4697,24.2779],[-106.528,24.2951],[-106.586,24.379],[-106.6016,24.4146],[-106.5693,24.437],[-106.5595,24.4696],[-106.5871,24.4926],[-106.6301,24.5065],[-106.6836,24.5985],[-106.7059,24.6653],[-106.8659,24.823],[-106.9307,24.8209],[-106.9464,24.8585],[-106.9271,24.8666],[-106.9732,24.9096],[-107.0183,24.9336],[-107.0604,25.0024],[-107.0674,25.0302],[-107.1299,25.0531],[-107.1249,25.1866],[-107.1488,25.2245],[-107.1211,25.2431],[-107.1572,25.2618],[-107.2078,25.3316],[-107.1716,25.3264],[-107.2101,25.4171],[-107.1647,25.4396],[-107.1406,25.4862],[-107.1663,25.503],[-107.1701,25.5595],[-107.11,25.5606],[-106.9733,25.6296],[-106.9943,25.6622],[-106.9669,25.6683],[-106.9653,25.6979],[-106.9903,25.7149],[-107.0107,25.6915],[-107.0642,25.7191],[-107.0579,25.7574],[-107.1946,25.8523],[-107.229,25.8697],[-107.2425,25.8924],[-107.2961,25.9248],[-107.28,25.9581],[-107.2763,26.002],[-107.3067,26.0488],[-107.3049,26.0764],[-107.3465,26.1095],[-107.4161,26.1412],[-107.46,26.1383],[-107.4968,26.1113],[-107.5239,26.1072],[-107.5433,26.1463],[-107.5654,26.1646],[-107.6963,26.1655],[-107.7133,26.1731],[-107.7807,26.1369],[-107.7889,26.1686],[-107.8399,26.1829],[-107.8563,26.226],[-108.0128,26.439],[-107.9696,26.4702],[-107.961,26.527],[-108.0271,26.5985],[-108.0646,26.6474],[-108.0317,26.668],[-108.0079,26.6993],[-108.0192,26.7307],[-108.0057,26.761],[-108.0376,26.7698],[-108.0268,26.7985],[-108.0941,26.8705],[-108.1442,26.8676],[-108.1396,26.8955],[-108.2144,26.888],[-108.235,26.9586],[-108.1803,27.0002],[-108.1951,27.0327],[-108.2259,27.0272],[-108.2504,27.041],[-108.2816,27.0132],[-108.3166,27.0345],[-108.3501,27.0226],[-108.4137,27.0202],[-108.4643,27.0401],[-108.5044,27.0072],[-108.5025,26.9874]]]]},"properties":{"shapeName":"Sinaloa","shapeISO":"MX-SIN","shapeID":"31927357B30231562725156","shapeGroup":"MEX","shapeType":"ADM1"}},
{"type":"Feature","geometry":{"type":"MultiPolygon","coordinates":[[[[-112.5567,28.7334],[-112.612,28.7256],[-112.599,28.6727],[-112.5545,28.6725],[-112.5429,28.7117],[-112.5567,28.7334]]],[[[-112.2947,29.2246],[-112.3597,29.2203],[-112.3992,29.1896],[-112.4566,29.1942],[-112.4775,29.1674],[-112.5061,29.0141],[-112.4895,28.949],[-112.5068,28.924],[-112.58,28.875],[-112.4724,28.8217],[-112.4615,28.8026],[-112.4068,28.7995],[-112.3859,28.7773],[-112.3134,28.7536],[-112.2777,28.7694],[-112.2719,28.8247],[-112.2396,28.8717],[-112.2161,28.9438],[-112.2025,29.0147],[-112.2231,29.0697],[-112.2744,29.1368],[-112.2719,29.1972],[-112.2947,29.2246]]],[[[-114.9648,31.9177],[-114.9415,31.892],[-114.8737,31.8654],[-114.8582,31.8685],[-114.8398,31.859],[-114.8048,31.8196],[-114.7602,31.8183],[-114.7182,31.7747],[-114.6774,31.7603],[-114.5938,31.7571],[-114.554,31.7355],[-114.4927,31.6762],[-114.3343,31.5984],[-114.3267,31.5832],[-114.2715,31.5434],[-114.1992,31.5097],[-114.1477,31.4942],[-114.0259,31.4922],[-114.0167,31.5325],[-113.99,31.5283],[-113.9584,31.5669],[-113.9807,31.6255],[-113.9398,31.6054],[-113.8975,31.6069],[-113.8562,31.5951],[-113.8042,31.5651],[-113.6731,31.5105],[-113.6403,31.4805],[-113.6358,31.4298],[-113.6092,31.3564],[-113.6246,31.328],[-113.5584,31.3178],[-113.5373,31.2961],[-113.3536,31.2651],[-113.2551,31.2405],[-113.2245,31.2395],[-113.1204,31.1917],[-113.1015,31.1894],[-113.0775,31.1517],[-113.059,31.0723],[-113.062,31.0334],[-113.0902,31.005],[-113.1011,30.8909],[-113.1272,30.812],[-113.1048,30.7577],[-113.0843,30.6785],[-113.0398,30.6072],[-112.9876,30.5361],[-112.8991,30.4614],[-112.8566,30.3956],[-112.8469,30.3062],[-112.8597,30.2681],[-112.8168,30.2635],[-112.7759,30.2257],[-112.7523,30.1578],[-112.7615,30.0631],[-112.7337,30.0023],[-112.7472,29.9222],[-112.6665,29.893],[-112.6514,29.8345],[-112.606,29.7792],[-112.5799,29.7115],[-112.5523,29.6972],[-112.4762,29.5901],[-112.4345,29.5585],[-112.4288,29.5197],[-112.387,29.4975],[-112.3821,29.4486],[-112.4213,29.3758],[-112.402,29.3368],[-112.3496,29.3201],[-112.3026,29.3393],[-112.2584,29.328],[-112.2321,29.3062],[-112.2085,29.2434],[-112.229,29.179],[-112.1919,29.1657],[-112.1648,29.1141],[-112.1679,29.0273],[-112.1526,29.0012],[-112.1588,28.9622],[-112.1127,28.9609],[-112.0858,28.9253],[-112.0478,28.8993],[-112.0313,28.8594],[-111.9692,28.8419],[-111.9336,28.8143],[-111.8893,28.8153],[-111.8548,28.7898],[-111.8557,28.7591],[-111.8845,28.7522],[-111.9001,28.7872],[-111.9504,28.758],[-111.9251,28.7188],[-111.8569,28.6624],[-111.7974,28.627],[-111.7643,28.5925],[-111.7375,28.5225],[-111.7156,28.4951],[-111.7109,28.4586],[-111.6445,28.4435],[-111.5819,28.4151],[-111.487,28.3844],[-111.4465,28.3551],[-111.4613,28.3363],[-111.4514,28.3079],[-111.3864,28.2631],[-111.3679,28.2204],[-111.3366,28.1997],[-111.33,28.1582],[-111.285,28.1138],[-111.2774,28.0846],[-111.2511,28.0594],[-111.2119,28.042],[-111.1738,27.9917],[-111.1423,27.986],[-111.0993,27.9612],[-111.0772,27.9361],[-111.024,27.9629],[-110.9988,27.9627],[-110.9475,27.9113],[-110.9633,27.8973],[-110.9426,27.869],[-110.8655,27.8793],[-110.8546,27.9463],[-110.829,27.9675],[-110.8084,27.9244],[-110.7292,27.9088],[-110.6804,27.89],[-110.6551,27.9052],[-110.5587,27.8734],[-110.5365,27.8381],[-110.5858,27.8343],[-110.5862,27.8058],[-110.6105,27.7563],[-110.5726,27.7355],[-110.6042,27.7125],[-110.5689,27.6856],[-110.6078,27.6521],[-110.6262,27.6186],[-110.6051,27.5808],[-110.5876,27.5148],[-110.5842,27.455],[-110.5582,27.4403],[-110.5569,27.3959],[-110.5232,27.3983],[-110.4763,27.3528],[-110.4878,27.3174],[-110.5244,27.2981],[-110.4541,27.2783],[-110.4099,27.2497],[-110.332,27.1723],[-110.2541,27.1395],[-110.1156,27.1118],[-110.0608,27.0824],[-110.034,27.1113],[-109.9862,27.1151],[-109.9195,27.0651],[-109.9126,27.0514],[-109.9003,26.95],[-109.8732,26.8791],[-109.8467,26.7849],[-109.8184,26.7502],[-109.7668,26.708],[-109.6688,26.6733],[-109.6578,26.6926],[-109.5831,26.7012],[-109.5255,26.7601],[-109.4707,26.7164],[-109.4378,26.7127],[-109.4305,26.6719],[-109.3819,26.6339],[-109.358,26.5992],[-109.3122,26.5683],[-109.2738,26.5151],[-109.2426,26.4436],[-109.2363,26.3989],[-109.1894,26.3581],[-109.1552,26.3611],[-109.1476,26.3139],[-109.1197,26.303],[-109.0873,26.3256],[-109.0742,26.3535],[-109.0064,26.4024],[-108.9365,26.3902],[-108.9092,26.4166],[-108.8814,26.4063],[-108.8603,26.4328],[-108.8761,26.4476],[-108.8378,26.4725],[-108.8913,26.4896],[-108.8732,26.5511],[-108.7343,26.5936],[-108.6788,26.587],[-108.679,26.6429],[-108.636,26.6905],[-108.6284,26.7184],[-108.601,26.7272],[-108.5942,26.7592],[-108.5369,26.7984],[-108.557,26.8238],[-108.5351,26.841],[-108.467,26.9707],[-108.5025,26.9874],[-108.5518,26.9971],[-108.6023,27.0369],[-108.597,27.0769],[-108.6114,27.1541],[-108.6443,27.1788],[-108.6644,27.2394],[-108.6256,27.2892],[-108.591,27.3181],[-108.6291,27.3829],[-108.6334,27.4281],[-108.6616,27.4647],[-108.6553,27.5438],[-108.7128,27.5662],[-108.7399,27.6],[-108.7542,27.6367],[-108.7493,27.6647],[-108.766,27.7058],[-108.833,27.7443],[-108.8955,27.7448],[-108.9203,27.784],[-108.8691,27.8393],[-108.9149,27.854],[-108.9265,27.9406],[-108.9637,27.9725],[-108.9917,27.98],[-109.0319,28.0183],[-109.0489,28.0927],[-109.0729,28.1486],[-109.062,28.1992],[-109.0749,28.2726],[-109.0407,28.267],[-108.9871,28.2778],[-108.9614,28.262],[-108.8693,28.257],[-108.751,28.2716],[-108.6872,28.3035],[-108.6355,28.3063],[-108.6362,28.3352],[-108.6035,28.3476],[-108.5509,28.3181],[-108.5196,28.3348],[-108.489,28.3751],[-108.5155,28.4263],[-108.5313,28.5567],[-108.5614,28.5912],[-108.5802,28.6324],[-108.5838,28.7401],[-108.6433,28.7651],[-108.6871,28.8757],[-108.7068,28.8843],[-108.6981,28.9363],[-108.7296,29.0965],[-108.6985,29.1277],[-108.7539,29.2001],[-108.7354,29.2177],[-108.7501,29.2567],[-108.7303,29.2691],[-108.6822,29.2674],[-108.6697,29.3074],[-108.7036,29.4085],[-108.7178,29.466],[-108.6896,29.484],[-108.644,29.4888],[-108.6623,29.5445],[-108.6383,29.5583],[-108.6447,29.6275],[-108.655,29.6494],[-108.6183,29.6605],[-108.6591,29.7161],[-108.5925,29.7176],[-108.535,29.7514],[-108.5413,29.7961],[-108.6017,29.7971],[-108.6294,29.8063],[-108.6348,29.8321],[-108.6072,29.8471],[-108.6229,29.9505],[-108.6069,30.0286],[-108.6202,30.2982],[-108.5505,30.2666],[-108.5422,30.2835],[-108.58,30.3375],[-108.6221,30.3403],[-108.6198,30.3748],[-108.6487,30.4169],[-108.6136,30.4357],[-108.6038,30.4651],[-108.6571,30.4703],[-108.662,30.5219],[-108.6874,30.5548],[-108.7274,30.5805],[-108.8306,30.6017],[-108.8765,30.6246],[-108.8669,30.6894],[-108.8869,30.7193],[-108.919,30.7394],[-108.9355,30.7736],[-108.9298,30.861],[-108.9392,30.9076],[-108.8024,30.9041],[-108.8033,31.0048],[-108.6838,31.006],[-108.6844,31.0337],[-108.7401,31.0471],[-108.7662,31.0736],[-108.77,31.1025],[-108.8456,31.1356],[-108.835,31.1693],[-108.8798,31.2388],[-108.8172,31.239],[-108.7559,31.3324],[-108.957,31.3322],[-109.3763,31.3341],[-109.9472,31.3341],[-110.4878,31.3323],[-111.075,31.3324],[-111.5531,31.4846],[-112.0243,31.6345],[-112.5053,31.7827],[-113.0023,31.9359],[-113.3922,32.0568],[-113.8566,32.202],[-114.3378,32.3497],[-114.8136,32.4939],[-114.8483,32.4734],[-114.8869,32.4917],[-114.9351,32.4818],[-114.9316,32.4427],[-114.9615,32.4117],[-114.9666,32.3388],[-115.0252,32.2899],[-115.053,32.2452],[-114.9753,32.178],[-114.9897,32.1464],[-114.957,32.0386],[-114.9674,31.9969],[-114.9648,31.9177]]]]},"properties":{"shapeName":"Sonora","shapeISO":"MX-SON","shapeID":"31927357B37261891092938","shapeGroup":"MEX","shapeType":"ADM1"}},
{"type":"Feature","geometry":{"type":"MultiPolygon","coordinates":[[[[-93.2981,17.9471],[-93.3477,17.9415],[-93.3571,17.8798],[-93.3724,17.8681],[-93.3729,17.8271],[-93.4006,17.7863],[-93.4164,17.7059],[-93.3907,17.6811],[-93.3824,17.6448],[-93.3563,17.648],[-93.3532,17.6968],[-93.3816,17.7485],[-93.3528,17.7637],[-93.3353,17.8462],[-93.35,17.8826],[-93.3409,17.9303],[-93.2981,17.9471]]],[[[-93.4892,17.5381],[-93.4735,17.5565],[-93.4525,17.5472],[-93.447,17.5859],[-93.4251,17.5884],[-93.4168,17.6105],[-93.3882,17.6455],[-93.3939,17.6697],[-93.4233,17.7053],[-93.409,17.7879],[-93.38,17.8256],[-93.3812,17.8624],[-93.3574,17.8856],[-93.3633,17.9184],[-93.3462,17.9547],[-93.308,17.9524],[-93.288,17.9719],[-93.2649,18.0221],[-93.2273,18.0293],[-93.2218,18.0211],[-93.1902,18.0244],[-93.185,18.0183],[-93.1386,18.0184],[-93.1174,18.0159],[-93.0951,18.0204],[-93.0457,18.0196],[-93.0409,18.0257],[-93.0254,18.0311],[-92.9965,18.0844],[-92.9777,18.1257],[-92.954,18.1465],[-92.9588,18.1699],[-92.9564,18.1919],[-92.9435,18.2267],[-92.9153,18.2777],[-92.8899,18.2865],[-92.8841,18.3158],[-92.9232,18.3458],[-92.94,18.3486],[-92.9494,18.3459],[-92.9531,18.3566],[-92.9631,18.3646],[-92.9834,18.3568],[-92.9877,18.3975],[-93.0168,18.4203],[-93.0707,18.4231],[-93.0932,18.4424],[-93.1196,18.4139],[-93.0749,18.4062],[-93.0786,18.376],[-93.1713,18.3707],[-93.1621,18.4395],[-93.3318,18.4371],[-93.4115,18.4317],[-93.4875,18.417],[-93.6059,18.3854],[-93.8121,18.3146],[-93.7682,18.3126],[-93.7304,18.3407],[-93.5694,18.3927],[-93.5692,18.3437],[-93.5961,18.3251],[-93.6457,18.3165],[-93.6827,18.3346],[-93.7538,18.3147],[-93.7419,18.2775],[-93.8084,18.2499],[-93.8711,18.2448],[-93.8822,18.2658],[-93.9186,18.2802],[-94.1236,18.2172],[-94.1191,18.1666],[-94.105,18.1755],[-94.09,18.1563],[-94.0975,18.1474],[-94.0963,18.1138],[-94.0833,18.1033],[-94.0809,18.094],[-94.0956,18.0831],[-94.0936,18.074],[-94.0841,18.0699],[-94.0726,18.0586],[-94.0829,18.0335],[-94.079,18.0246],[-94.0807,18.0054],[-94.0692,18.0116],[-94.0643,18.007],[-94.061,17.9867],[-94.0903,17.9683],[-94.0834,17.8699],[-94.0327,17.8621],[-94.0263,17.8419],[-93.9904,17.8355],[-93.9568,17.8106],[-93.9401,17.7532],[-93.8812,17.7513],[-93.882,17.734],[-93.843,17.7114],[-93.7726,17.6927],[-93.7478,17.6754],[-93.7372,17.6374],[-93.6773,17.5758],[-93.6215,17.5448],[-93.6421,17.4394],[-93.6915,17.3907],[-93.6857,17.3724],[-93.6079,17.3149],[-93.511,17.4484],[-93.5044,17.4975],[-93.4892,17.5381]]],[[[-92.331,18.4611],[-92.3229,18.4586],[-92.3096,18.435],[-92.2975,18.429],[-92.2819,18.3991],[-92.2855,18.3492],[-92.26,18.339],[-92.2423,18.3084],[-92.2155,18.3062],[-92.2055,18.2744],[-92.2163,18.2454],[-92.1936,18.2212],[-92.1706,18.1726],[-92.1966,18.1193],[-92.1761,18.1027],[-92.1225,18.1028],[-92.1609,18.1554],[-92.1644,18.1979],[-92.1489,18.2104],[-92.1793,18.2687],[-92.1714,18.339],[-92.1774,18.3759],[-92.1761,18.4582],[-92.3082,18.4572],[-92.331,18.4611]]],[[[-91.9662,18.0159],[-91.9785,18.0407],[-92.0147,18.0511],[-92.0407,18.0974],[-92.0823,18.0848],[-92.1207,18.1013],[-92.1838,18.1005],[-92.1993,18.1222],[-92.1748,18.1663],[-92.2162,18.1814],[-92.1976,18.2231],[-92.2282,18.2485],[-92.2456,18.25],[-92.2591,18.256],[-92.2709,18.2546],[-92.2821,18.2603],[-92.2901,18.2451],[-92.2992,18.2403],[-92.3106,18.2428],[-92.3196,18.2674],[-92.3371,18.2815],[-92.3963,18.2904],[-92.4171,18.3032],[-92.4977,18.3116],[-92.4913,18.3391],[-92.5409,18.3395],[-92.5605,18.3842],[-92.5733,18.3907],[-92.5817,18.3936],[-92.5889,18.3942],[-92.6051,18.3812],[-92.6188,18.3936],[-92.6473,18.3963],[-92.6695,18.3667],[-92.6537,18.3503],[-92.6684,18.3164],[-92.6545,18.3],[-92.6525,18.2866],[-92.6547,18.2809],[-92.6662,18.2764],[-92.6648,18.2499],[-92.6271,18.2528],[-92.6073,18.2402],[-92.6904,18.1723],[-92.6897,18.211],[-92.662,18.2108],[-92.6733,18.2524],[-92.6682,18.2764],[-92.6541,18.2857],[-92.6704,18.3159],[-92.6551,18.3486],[-92.6707,18.3608],[-92.6699,18.3701],[-92.6531,18.3895],[-92.6488,18.4391],[-92.6618,18.4622],[-92.6576,18.5152],[-92.6953,18.5895],[-92.7757,18.5006],[-92.802,18.4817],[-92.8907,18.4441],[-93.0159,18.4309],[-92.9827,18.4021],[-92.9586,18.395],[-92.9706,18.3717],[-92.9602,18.3674],[-92.9521,18.3578],[-92.9496,18.3474],[-92.9377,18.3499],[-92.9223,18.3469],[-92.8838,18.3174],[-92.8897,18.2852],[-92.9146,18.2758],[-92.9156,18.2554],[-92.9425,18.2259],[-92.9381,18.2114],[-92.9504,18.1984],[-92.9579,18.1692],[-92.9525,18.1468],[-92.9743,18.1283],[-93.0124,18.0529],[-93.0126,18.0488],[-93.0214,18.0351],[-93.0285,18.027],[-93.0443,18.0181],[-93.0968,18.0192],[-93.1195,18.0146],[-93.1357,18.0171],[-93.2488,18.017],[-93.2765,17.9825],[-93.23,17.949],[-93.2074,17.9606],[-93.1831,17.9403],[-93.1451,17.9324],[-93.1291,17.9079],[-93.1008,17.906],[-93.1318,17.8523],[-93.0941,17.8412],[-93.0431,17.8426],[-93.0122,17.7985],[-93.0426,17.7684],[-93.0577,17.7205],[-93.0378,17.7049],[-93.0455,17.6591],[-93.0405,17.6098],[-93.0044,17.5776],[-92.9926,17.53],[-92.9392,17.5024],[-92.8874,17.5105],[-92.8598,17.5003],[-92.8499,17.469],[-92.8283,17.4705],[-92.8196,17.4327],[-92.8294,17.4086],[-92.7908,17.405],[-92.7671,17.3812],[-92.7542,17.3433],[-92.7295,17.3481],[-92.6788,17.3785],[-92.6682,17.4567],[-92.6243,17.4659],[-92.5941,17.493],[-92.597,17.5204],[-92.5714,17.5496],[-92.5301,17.55],[-92.52,17.573],[-92.4676,17.5771],[-92.4368,17.5701],[-92.3507,17.6179],[-92.3499,17.7028],[-92.3373,17.7121],[-92.2746,17.6923],[-92.2293,17.7456],[-92.172,17.7866],[-92.136,17.779],[-92.1055,17.8129],[-92.0905,17.8566],[-92.0525,17.8672],[-91.9913,17.9196],[-91.8942,17.8875],[-91.8497,17.8829],[-91.8093,17.8968],[-91.8044,17.8689],[-91.7819,17.8543],[-91.7908,17.8142],[-91.7886,17.7565],[-91.8307,17.7377],[-91.7679,17.7031],[-91.7444,17.7067],[-91.6585,17.6748],[-91.6528,17.6386],[-91.6636,17.6122],[-91.6388,17.5815],[-91.6343,17.5346],[-91.6522,17.4922],[-91.6709,17.4745],[-91.672,17.4441],[-91.6349,17.4365],[-91.6069,17.4169],[-91.5588,17.4005],[-91.505,17.3995],[-91.4565,17.3757],[-91.4198,17.3741],[-91.4168,17.3456],[-91.3847,17.3196],[-91.3903,17.2993],[-91.4252,17.3023],[-91.4397,17.251],[-90.9875,17.2514],[-90.9884,17.5008],[-90.9876,17.8155],[-90.988,17.9625],[-91.1202,17.9634],[-91.1447,17.9752],[-91.2175,17.975],[-91.2532,18.0093],[-91.327,18.0627],[-91.4383,18.0845],[-91.5165,18.1305],[-91.5528,18.1582],[-91.5953,18.1252],[-91.6095,18.0984],[-91.6197,18.0076],[-91.6196,17.9192],[-91.6388,17.874],[-91.7395,17.9352],[-91.7712,17.9444],[-91.8046,17.9726],[-91.8672,17.9833],[-91.9097,18.0138],[-91.9662,18.0159]]],[[[-92.4682,18.6477],[-92.5846,18.6193],[-92.6625,18.6096],[-92.6876,18.5983],[-92.6595,18.5509],[-92.6504,18.5168],[-92.6573,18.4623],[-92.6441,18.4397],[-92.6486,18.4044],[-92.6176,18.3949],[-92.6042,18.3827],[-92.5927,18.3938],[-92.5893,18.3952],[-92.5808,18.3947],[-92.559,18.385],[-92.5432,18.3469],[-92.5034,18.3532],[-92.4862,18.3344],[-92.4963,18.3146],[-92.4167,18.306],[-92.369,18.2948],[-92.3412,18.2851],[-92.3173,18.268],[-92.3104,18.2461],[-92.2983,18.2436],[-92.2877,18.2515],[-92.2866,18.2608],[-92.2778,18.2623],[-92.2193,18.2481],[-92.2069,18.2741],[-92.2165,18.3052],[-92.2412,18.3074],[-92.2678,18.321],[-92.2865,18.3472],[-92.2834,18.3988],[-92.2984,18.4279],[-92.3109,18.4351],[-92.3293,18.4605],[-92.3481,18.4431],[-92.3549,18.4421],[-92.3614,18.4468],[-92.3607,18.4575],[-92.3653,18.4642],[-92.3758,18.469],[-92.3853,18.4774],[-92.4143,18.4859],[-92.4268,18.5141],[-92.4247,18.5512],[-92.4309,18.5657],[-92.4542,18.6011],[-92.4633,18.6123],[-92.468,18.6229],[-92.4682,18.6477]]]]},"properties":{"shapeName":"Tabasco","shapeISO":"MX-TAB","shapeID":"31927357B81008000569871","shapeGroup":"MEX","shapeType":"ADM1"}},
{"type":"Feature","geometry":{"type":"MultiPolygon","coordinates":[[[[-97.5475,24.9677],[-97.5938,24.863],[-97.6066,24.7836],[-97.6398,24.6771],[-97.6479,24.6284],[-97.6606,24.6195],[-97.6684,24.5536],[-97.6904,24.5275],[-97.6766,24.5053],[-97.6403,24.6537],[-97.5798,24.8648],[-97.5475,24.9677]]],[[[-97.444,25.2386],[-97.4597,25.2229],[-97.49,25.1575],[-97.5121,25.1264],[-97.5119,25.0898],[-97.5383,25.0391],[-97.5312,25.0053],[-97.484,25.122],[-97.4461,25.2044],[-97.444,25.2386]]],[[[-100.1038,23.2315],[-100.1183,23.2005],[-100.1156,23.126],[-100.0687,23.1212],[-100.069,23.0959],[-100.0116,23.0656],[-100.0995,23.0079],[-100.1108,22.9757],[-100.1104,22.9167],[-100.0442,22.9179],[-100.0294,22.8244],[-100.1019,22.7628],[-100.0941,22.7513],[-100.0223,22.7259],[-99.957,22.7517],[-99.8824,22.7499],[-99.8428,22.7306],[-99.8479,22.6784],[-99.8055,22.6578],[-99.785,22.6685],[-99.7241,22.6596],[-99.6825,22.6811],[-99.5606,22.6412],[-99.5347,22.6128],[-99.4945,22.6209],[-99.5443,22.7441],[-99.4771,22.7406],[-99.4421,22.6636],[-99.3884,22.6693],[-99.3732,22.6291],[-99.3296,22.6349],[-99.2724,22.5133],[-99.2631,22.4698],[-99.2368,22.4129],[-99.1206,22.4066],[-99.0604,22.4153],[-98.932,22.3928],[-98.89,22.3551],[-98.8499,22.3681],[-98.8215,22.3563],[-98.7517,22.369],[-98.7008,22.4026],[-98.6709,22.4057],[-98.6361,22.4137],[-98.5898,22.3944],[-98.5461,22.4002],[-98.4668,22.4288],[-98.4316,22.43],[-98.3878,22.3893],[-98.3429,22.3897],[-98.3153,22.4193],[-98.3193,22.4652],[-98.2776,22.4489],[-98.2198,22.4718],[-98.1858,22.4229],[-98.1135,22.3953],[-98.1062,22.3667],[-98.0743,22.3478],[-98.0285,22.3584],[-97.99,22.3509],[-97.9705,22.3281],[-97.9788,22.3016],[-97.9317,22.271],[-97.9346,22.2546],[-97.8958,22.2238],[-97.8545,22.2091],[-97.8209,22.2492],[-97.784,22.2639],[-97.8246,22.3363],[-97.8549,22.4537],[-97.8651,22.5627],[-97.899,22.5805],[-97.8881,22.6534],[-97.8537,22.7021],[-97.8516,22.7252],[-97.8042,22.7792],[-97.7899,22.8531],[-97.7672,22.9066],[-97.761,23.0007],[-97.7698,23.2555],[-97.7653,23.4296],[-97.7509,23.5991],[-97.7729,23.5927],[-97.7613,23.6596],[-97.767,23.7205],[-97.7553,23.766],[-97.7338,23.7734],[-97.7443,23.8727],[-97.7701,23.913],[-97.7612,23.9644],[-97.7738,24.0097],[-97.7746,24.1103],[-97.7607,24.1739],[-97.7485,24.3228],[-97.7532,24.3731],[-97.7492,24.4504],[-97.7867,24.4146],[-97.7922,24.3407],[-97.8193,24.3567],[-97.8259,24.4082],[-97.8572,24.465],[-97.8416,24.4957],[-97.8496,24.5231],[-97.8298,24.5464],[-97.7784,24.5594],[-97.775,24.51],[-97.7457,24.49],[-97.7079,24.659],[-97.7258,24.6737],[-97.7187,24.7253],[-97.7183,24.7979],[-97.7468,24.8286],[-97.7221,24.8708],[-97.679,24.8678],[-97.6771,24.8931],[-97.6482,24.9016],[-97.6196,24.9288],[-97.673,24.9532],[-97.7254,25.0195],[-97.7226,25.056],[-97.6996,25.0891],[-97.7023,25.1377],[-97.6715,25.1757],[-97.7045,25.195],[-97.6982,25.2225],[-97.7197,25.2813],[-97.703,25.3069],[-97.7246,25.3376],[-97.7105,25.3637],[-97.6748,25.3781],[-97.6281,25.3624],[-97.6056,25.3086],[-97.5767,25.3177],[-97.5699,25.284],[-97.5485,25.2797],[-97.5279,25.3074],[-97.5566,25.3567],[-97.5001,25.3848],[-97.5653,25.4429],[-97.5438,25.4724],[-97.5182,25.453],[-97.4742,25.4433],[-97.3926,25.402],[-97.4184,25.3764],[-97.3791,25.3661],[-97.4064,25.3107],[-97.414,25.2633],[-97.3275,25.4193],[-97.2025,25.631],[-97.2158,25.6491],[-97.2622,25.629],[-97.2894,25.653],[-97.26,25.7104],[-97.1854,25.7242],[-97.227,25.755],[-97.2099,25.7961],[-97.1559,25.8211],[-97.1461,25.8727],[-97.1461,25.9536],[-97.158,25.9612],[-97.2764,25.9522],[-97.3246,25.9183],[-97.3683,25.9155],[-97.3618,25.869],[-97.3726,25.84],[-97.4251,25.8405],[-97.4459,25.8512],[-97.4555,25.8841],[-97.5213,25.8863],[-97.5416,25.9191],[-97.6021,25.9574],[-97.6219,25.9892],[-97.6577,26.02],[-97.7092,26.0346],[-97.7353,26.0284],[-97.7928,26.0532],[-97.861,26.053],[-97.8871,26.0666],[-97.937,26.053],[-97.9802,26.0672],[-98.0211,26.0586],[-98.0387,26.0414],[-98.0763,26.0675],[-98.1368,26.063],[-98.1723,26.0716],[-98.1924,26.0533],[-98.2192,26.0759],[-98.2495,26.0722],[-98.3216,26.1183],[-98.3664,26.1577],[-98.4418,26.1982],[-98.4606,26.2261],[-98.5039,26.2084],[-98.5828,26.2564],[-98.6563,26.2356],[-98.7017,26.266],[-98.7507,26.3312],[-98.7784,26.3259],[-98.8046,26.3676],[-98.843,26.3583],[-98.9012,26.3708],[-98.9783,26.4001],[-99.0128,26.3931],[-99.0363,26.4135],[-99.0815,26.3966],[-99.1103,26.4257],[-99.0916,26.4756],[-99.1284,26.5255],[-99.1669,26.536],[-99.1788,26.6219],[-99.2019,26.6588],[-99.209,26.7247],[-99.2396,26.7453],[-99.2424,26.7864],[-99.2699,26.845],[-99.3288,26.8796],[-99.3285,26.9195],[-99.3849,26.9388],[-99.3816,26.9724],[-99.4136,27.0119],[-99.4445,27.0193],[-99.4527,27.0641],[-99.4287,27.0926],[-99.44,27.1511],[-99.4262,27.1761],[-99.4454,27.2232],[-99.4418,27.2508],[-99.4966,27.2729],[-99.5045,27.3388],[-99.4876,27.411],[-99.4955,27.438],[-99.4788,27.4795],[-99.5013,27.5001],[-99.5282,27.4982],[-99.5115,27.5661],[-99.5403,27.6044],[-99.6034,27.6419],[-99.6387,27.6267],[-99.6632,27.6569],[-99.7105,27.6574],[-99.7281,27.6791],[-99.9264,27.5492],[-99.9192,27.4915],[-99.7604,27.437],[-99.7477,27.2772],[-99.6789,27.1024],[-99.6501,27.0659],[-99.7342,26.9206],[-99.7701,26.9284],[-99.7667,26.8898],[-99.7315,26.9087],[-99.6911,26.9082],[-99.63,26.8903],[-99.591,26.8625],[-99.5808,26.8301],[-99.6229,26.7692],[-99.6186,26.7265],[-99.6572,26.6951],[-99.6592,26.6704],[-99.5383,26.6646],[-99.3968,26.5966],[-99.4098,26.4428],[-99.4309,26.3513],[-99.4012,26.3048],[-99.3642,26.3293],[-99.26,26.2528],[-99.1978,26.2587],[-99.171,26.0945],[-99.1601,26.0612],[-99.1263,26.054],[-99.0625,26.0907],[-99.0239,26.1041],[-98.9008,25.9683],[-98.8232,26.0476],[-98.5851,26.0179],[-98.5804,25.6373],[-98.5818,25.4894],[-98.4216,25.4894],[-98.4231,25.4475],[-98.8881,25.1095],[-98.9342,25.0728],[-99.0002,25.0674],[-99.0295,25.0964],[-99.035,25.12],[-99.0677,25.1161],[-99.0813,25.0777],[-99.1379,25.0507],[-99.1606,25.0553],[-99.1809,25.0115],[-99.1589,24.916],[-99.2074,24.8614],[-99.1887,24.7807],[-99.2129,24.7717],[-99.2949,24.8041],[-99.3317,24.7762],[-99.3644,24.7718],[-99.3894,24.7398],[-99.4481,24.7322],[-99.4822,24.7082],[-99.5128,24.6345],[-99.5737,24.6203],[-99.6094,24.6225],[-99.7047,24.5759],[-99.733,24.554],[-99.7198,24.4837],[-99.6364,24.5067],[-99.5899,24.3961],[-99.5943,24.3309],[-99.6478,24.2181],[-99.6571,24.118],[-99.5709,24.0394],[-99.5419,24.0336],[-99.5409,23.9973],[-99.4869,23.9605],[-99.4569,23.8661],[-99.4938,23.8787],[-99.5767,23.7755],[-99.6195,23.7597],[-99.6834,23.7766],[-99.8055,23.7843],[-99.8607,23.7745],[-99.8911,23.7038],[-99.9158,23.6651],[-99.9612,23.5569],[-99.9213,23.3792],[-99.9825,23.3924],[-100.0803,23.3957],[-100.145,23.3395],[-100.078,23.306],[-100.1038,23.2315]]]]},"properties":{"shapeName":"Tamaulipas","shapeISO":"MX-TAM","shapeID":"31927357B88239390016047","shapeGroup":"MEX","shapeType":"ADM1"}},
{"type":"Feature","geometry":{"type":"Polygon","coordinates":[[[-98.6656,19.6062],[-98.7081,19.5548],[-98.6532,19.466],[-98.5913,19.4492],[-98.5703,19.4668],[-98.5232,19.4609],[-98.4703,19.3608],[-98.4413,19.3253],[-98.4077,19.3159],[-98.4101,19.2913],[-98.3804,19.2617],[-98.3689,19.2261],[-98.2697,19.1624],[-98.2302,19.1567],[-98.223,19.1366],[-98.1662,19.1051],[-98.1102,19.1432],[-98.0317,19.2309],[-97.9986,19.1983],[-97.9282,19.1642],[-97.8932,19.2003],[-97.851,19.2229],[-97.8703,19.2706],[-97.8393,19.3014],[-97.8005,19.3016],[-97.7651,19.2869],[-97.7451,19.3053],[-97.6909,19.2859],[-97.6264,19.3239],[-97.6314,19.3554],[-97.6739,19.3675],[-97.7055,19.3936],[-97.7245,19.4316],[-97.7548,19.4575],[-97.8147,19.4825],[-97.8461,19.4688],[-97.8582,19.4931],[-97.8897,19.5046],[-97.8683,19.5535],[-97.8818,19.5718],[-97.9505,19.6026],[-97.9838,19.6294],[-98.0422,19.6402],[-98.0364,19.6858],[-98.0529,19.7131],[-98.1599,19.6693],[-98.2411,19.6791],[-98.2553,19.7188],[-98.3317,19.7223],[-98.3238,19.6853],[-98.3817,19.6094],[-98.4127,19.6175],[-98.4875,19.6175],[-98.5192,19.6024],[-98.5356,19.6344],[-98.5799,19.6374],[-98.6098,19.602],[-98.6656,19.6062]]]},"properties":{"shapeName":"Tlaxcala","shapeISO":"MX-TLA","shapeID":"31927357B22008724034476","shapeGroup":"MEX","shapeType":"ADM1"}},
{"type":"Feature","geometry":{"type":"MultiPolygon","coordinates":[[[[-93.6079,17.3149],[-93.6857,17.3724],[-93.6915,17.3907],[-93.6421,17.4394],[-93.6215,17.5448],[-93.6773,17.5758],[-93.7372,17.6374],[-93.7478,17.6754],[-93.7726,17.6927],[-93.843,17.7114],[-93.882,17.734],[-93.8812,17.7513],[-93.9401,17.7532],[-93.9568,17.8106],[-93.9904,17.8355],[-94.0263,17.8419],[-94.0327,17.8621],[-94.0834,17.8699],[-94.0903,17.9683],[-94.0674,17.9925],[-94.0645,18.004],[-94.0699,18.0102],[-94.0804,18.0036],[-94.0842,18.0062],[-94.0806,18.0226],[-94.0842,18.0341],[-94.0759,18.057],[-94.0844,18.0683],[-94.0961,18.0739],[-94.0979,18.0823],[-94.0825,18.0982],[-94.0991,18.115],[-94.0974,18.1574],[-94.108,18.1731],[-94.1196,18.1639],[-94.1296,18.1686],[-94.1446,18.2108],[-94.2932,18.1754],[-94.4077,18.1595],[-94.4019,18.1339],[-94.4215,18.099],[-94.4123,18.0644],[-94.4582,18.0366],[-94.478,17.9871],[-94.4719,17.9667],[-94.4889,17.9546],[-94.4862,17.8999],[-94.4478,17.8895],[-94.4315,17.8913],[-94.4111,17.8809],[-94.4042,17.8677],[-94.4111,17.8594],[-94.4049,17.8398],[-94.392,17.8286],[-94.3501,17.8569],[-94.3429,17.8973],[-94.3081,17.8721],[-94.3495,17.8566],[-94.3914,17.8275],[-94.4066,17.8402],[-94.4135,17.8576],[-94.4055,17.8688],[-94.4134,17.8806],[-94.4316,17.8898],[-94.4475,17.8874],[-94.4781,17.8926],[-94.4883,17.9007],[-94.495,17.9485],[-94.4766,17.9752],[-94.4841,17.9972],[-94.4522,18.0557],[-94.4172,18.0743],[-94.4421,18.1039],[-94.4107,18.1452],[-94.5012,18.1523],[-94.558,18.1684],[-94.6022,18.1912],[-94.6237,18.2503],[-94.6231,18.2871],[-94.6571,18.3116],[-94.6634,18.3346],[-94.7365,18.3939],[-94.7438,18.4217],[-94.7737,18.4492],[-94.7875,18.5057],[-94.8157,18.5378],[-94.8742,18.5488],[-94.9486,18.55],[-94.9751,18.5581],[-95.0145,18.5488],[-95.0449,18.5784],[-95.0618,18.6174],[-95.1216,18.6525],[-95.131,18.6693],[-95.1814,18.706],[-95.2278,18.7033],[-95.2899,18.7145],[-95.4399,18.7107],[-95.5731,18.7196],[-95.6402,18.7341],[-95.7192,18.7676],[-95.7437,18.7466],[-95.6544,18.7227],[-95.6123,18.6962],[-95.6345,18.6935],[-95.6314,18.6559],[-95.634,18.6201],[-95.6456,18.6102],[-95.6973,18.6089],[-95.7033,18.5982],[-95.6989,18.5796],[-95.6904,18.5682],[-95.6924,18.5573],[-95.7195,18.5596],[-95.7153,18.5204],[-95.6993,18.507],[-95.7337,18.4399],[-95.7086,18.4197],[-95.7043,18.4075],[-95.715,18.3869],[-95.7136,18.3619],[-95.7254,18.358],[-95.7429,18.3688],[-95.7586,18.3669],[-95.7668,18.36],[-95.7725,18.342],[-95.7783,18.3394],[-95.7874,18.3396],[-95.809,18.3145],[-95.8309,18.333],[-95.8384,18.3325],[-95.8437,18.296],[-95.8523,18.2833],[-95.8873,18.2732],[-95.9047,18.2761],[-95.916,18.2651],[-95.9226,18.2441],[-95.945,18.2236],[-95.9547,18.2106],[-95.9666,18.2152],[-95.9749,18.2114],[-95.9735,18.1962],[-95.9766,18.1884],[-96.0064,18.1836],[-96.0113,18.2084],[-96.0398,18.2085],[-96.0422,18.1724],[-96.0527,18.1705],[-96.0631,18.1754],[-96.0749,18.161],[-96.0838,18.1614],[-96.057,18.134],[-96.0257,18.1335],[-95.9535,18.1599],[-95.9072,18.1356],[-95.8332,18.129],[-95.7999,17.95],[-95.9028,17.7327],[-95.8728,17.7274],[-95.8675,17.6848],[-95.8385,17.66],[-95.7734,17.6238],[-95.7716,17.5887],[-95.7296,17.5711],[-95.7218,17.5396],[-95.6997,17.5224],[-95.6372,17.5488],[-95.5867,17.5349],[-95.4842,17.6019],[-95.4545,17.6111],[-95.4155,17.6508],[-95.3344,17.6748],[-95.31,17.7086],[-95.2645,17.7185],[-95.2389,17.7393],[-95.1903,17.692],[-95.1881,17.6507],[-95.2713,17.6247],[-95.0766,17.3729],[-94.9712,17.331],[-94.9289,17.3247],[-94.9018,17.2964],[-94.9112,17.2137],[-94.9228,17.1938],[-94.3959,17.1664],[-93.8674,17.137],[-93.8609,17.1637],[-93.8271,17.1725],[-93.8038,17.2249],[-93.7725,17.2458],[-93.6957,17.2472],[-93.6627,17.2563],[-93.6644,17.2862],[-93.6381,17.2909],[-93.6079,17.3149]]],[[[-97.4049,21.4761],[-97.4294,21.4685],[-97.4877,21.4295],[-97.473,21.3846],[-97.4565,21.3678],[-97.4261,21.4154],[-97.4049,21.4761]]],[[[-97.6704,21.8204],[-97.6919,21.8224],[-97.6535,21.7467],[-97.6297,21.7385],[-97.6704,21.8204]]],[[[-97.6758,21.9236],[-97.6192,21.7847],[-97.5859,21.7431],[-97.5614,21.7303],[-97.5438,21.6983],[-97.5056,21.6676],[-97.4585,21.5957],[-97.3869,21.5364],[-97.3798,21.4772],[-97.4175,21.4299],[-97.4169,21.4021],[-97.4454,21.3505],[-97.4217,21.2901],[-97.4066,21.3498],[-97.3773,21.3956],[-97.3506,21.4566],[-97.3293,21.5235],[-97.3279,21.5672],[-97.3431,21.5864],[-97.4497,21.6647],[-97.5561,21.7616],[-97.6132,21.8309],[-97.6758,21.9236]]],[[[-97.985,20.517],[-97.9808,20.5407],[-97.9097,20.5864],[-97.8951,20.6227],[-97.9178,20.6712],[-97.8974,20.7032],[-97.9224,20.7165],[-97.8791,20.8343],[-97.824,20.8098],[-97.773,20.8272],[-97.7212,20.7953],[-97.7285,20.7413],[-97.7491,20.7321],[-97.7312,20.6378],[-97.6613,20.5456],[-97.6101,20.5639],[-97.59,20.5561],[-97.541,20.4897],[-97.576,20.4909],[-97.5863,20.4725],[-97.6407,20.4423],[-97.6454,20.4083],[-97.6977,20.4325],[-97.7287,20.4573],[-97.7558,20.413],[-97.7429,20.3512],[-97.6768,20.3061],[-97.7409,20.2746],[-97.7307,20.2052],[-97.693,20.1694],[-97.6045,20.1669],[-97.6027,20.1193],[-97.5821,20.109],[-97.5396,20.116],[-97.4948,20.1373],[-97.5054,20.1539],[-97.4625,20.1846],[-97.4643,20.2242],[-97.4453,20.2462],[-97.4082,20.2321],[-97.3819,20.2497],[-97.3655,20.2158],[-97.1644,20.1518],[-97.1577,20.1097],[-97.1773,20.0741],[-97.2111,20.0426],[-97.2069,20.0147],[-97.2607,19.9773],[-97.2558,19.9325],[-97.2918,19.9003],[-97.315,19.8278],[-97.3222,19.7224],[-97.3074,19.6845],[-97.3474,19.6634],[-97.3948,19.6211],[-97.4185,19.6272],[-97.4343,19.5888],[-97.4266,19.5417],[-97.4021,19.5154],[-97.4046,19.4959],[-97.3483,19.4846],[-97.3573,19.4324],[-97.3899,19.4289],[-97.3605,19.376],[-97.3378,19.3925],[-97.2548,19.3818],[-97.2102,19.3594],[-97.2156,19.3233],[-97.1757,19.3279],[-97.0957,19.3052],[-97.0679,19.3214],[-97.031,19.2973],[-96.9859,19.2813],[-97.0149,19.2319],[-97.0562,19.1977],[-97.0414,19.1744],[-97.042,19.1286],[-97.0751,19.1579],[-97.1087,19.1684],[-97.2096,19.1599],[-97.2375,19.1095],[-97.2614,19.0966],[-97.2666,19.0303],[-97.2851,18.9994],[-97.2583,18.9777],[-97.2458,18.8933],[-97.2714,18.8908],[-97.353,18.7913],[-97.337,18.7684],[-97.35,18.7171],[-97.344,18.6858],[-97.3032,18.6743],[-97.2719,18.6278],[-97.2354,18.6436],[-97.1969,18.6296],[-97.1496,18.597],[-97.1446,18.5709],[-97.0761,18.466],[-97.0464,18.4996],[-96.9738,18.5368],[-96.9543,18.5538],[-96.9259,18.5349],[-96.8993,18.5486],[-96.8645,18.5144],[-96.8251,18.4981],[-96.797,18.5119],[-96.784,18.4396],[-96.7664,18.4127],[-96.7287,18.3957],[-96.6833,18.3784],[-96.681,18.4122],[-96.7091,18.4257],[-96.6882,18.4627],[-96.6865,18.5118],[-96.7118,18.5481],[-96.6909,18.568],[-96.6938,18.5912],[-96.6722,18.6186],[-96.6887,18.6388],[-96.683,18.6697],[-96.6167,18.6191],[-96.5609,18.5877],[-96.4997,18.5895],[-96.4573,18.5704],[-96.455,18.5493],[-96.4202,18.508],[-96.4001,18.4442],[-96.3526,18.4102],[-96.3473,18.3823],[-96.3173,18.3645],[-96.3099,18.3224],[-96.2797,18.2999],[-96.287,18.2581],[-96.2674,18.2257],[-96.2049,18.1748],[-96.1884,18.1513],[-96.1775,18.1395],[-96.1508,18.132],[-96.1242,18.1417],[-96.1192,18.164],[-96.0988,18.1685],[-96.0727,18.164],[-96.0663,18.1749],[-96.0613,18.1765],[-96.0493,18.1718],[-96.0418,18.1821],[-96.0426,18.2065],[-96.0296,18.2191],[-96.009,18.2098],[-96.0034,18.1846],[-95.9909,18.1876],[-95.975,18.1972],[-95.9769,18.2076],[-95.9756,18.2119],[-95.9701,18.217],[-95.9479,18.2221],[-95.9581,18.2439],[-95.9463,18.2525],[-95.9176,18.2707],[-95.9005,18.2784],[-95.8873,18.2747],[-95.8567,18.2838],[-95.8521,18.3198],[-95.8411,18.3341],[-95.8316,18.3348],[-95.8111,18.3186],[-95.7902,18.3412],[-95.7771,18.3412],[-95.7711,18.3482],[-95.769,18.3601],[-95.7525,18.3713],[-95.7434,18.3705],[-95.7242,18.3606],[-95.7182,18.3874],[-95.7067,18.4077],[-95.7348,18.4388],[-95.7334,18.4613],[-95.7026,18.5032],[-95.7272,18.5363],[-95.7207,18.561],[-95.6919,18.566],[-95.7099,18.5867],[-95.7005,18.6101],[-95.6536,18.6109],[-95.6355,18.6265],[-95.643,18.7126],[-95.6692,18.7226],[-95.7408,18.7355],[-95.7749,18.7554],[-95.7902,18.725],[-95.7679,18.7079],[-95.7855,18.6553],[-95.822,18.6452],[-95.814,18.7184],[-95.8526,18.7142],[-95.8702,18.7261],[-95.8819,18.7184],[-95.8827,18.6624],[-95.8663,18.6041],[-95.8921,18.6083],[-95.9062,18.5604],[-95.9414,18.6085],[-95.9016,18.6196],[-95.8872,18.7069],[-95.8817,18.724],[-95.8717,18.7268],[-95.8573,18.7567],[-95.8789,18.8022],[-95.8842,18.8326],[-95.9082,18.8265],[-95.9507,18.8405],[-95.9224,18.8711],[-95.8943,18.8367],[-95.867,18.8272],[-95.8536,18.8101],[-95.8194,18.8036],[-95.7584,18.7651],[-95.7522,18.7922],[-95.8623,18.8325],[-95.9008,18.8594],[-95.9409,18.9054],[-95.9596,18.9611],[-95.9699,19.0487],[-95.9926,19.0629],[-96.0289,19.0559],[-96.0668,19.0672],[-96.0984,19.0949],[-96.1061,19.1265],[-96.0941,19.1513],[-96.1245,19.1812],[-96.1234,19.2137],[-96.1744,19.2255],[-96.1822,19.2501],[-96.2646,19.2906],[-96.2967,19.3237],[-96.3231,19.4178],[-96.3134,19.4798],[-96.3556,19.5274],[-96.3745,19.5605],[-96.3745,19.6082],[-96.397,19.6455],[-96.4084,19.7463],[-96.4391,19.8068],[-96.4481,19.8442],[-96.4901,19.8838],[-96.5539,19.9562],[-96.5759,20.0057],[-96.6935,20.1397],[-96.7157,20.1711],[-96.7967,20.2462],[-96.8028,20.2614],[-96.931,20.389],[-96.9799,20.4559],[-97.0987,20.5636],[-97.1439,20.6125],[-97.1755,20.6582],[-97.1943,20.7003],[-97.1941,20.7383],[-97.2303,20.8318],[-97.2608,20.8755],[-97.3263,21.0057],[-97.4139,21.2061],[-97.4206,21.2588],[-97.4451,21.2752],[-97.4479,21.3107],[-97.4842,21.3349],[-97.5044,21.402],[-97.4884,21.446],[-97.5006,21.4684],[-97.5687,21.4645],[-97.5992,21.5202],[-97.6432,21.5849],[-97.6438,21.6268],[-97.664,21.6336],[-97.6948,21.7131],[-97.696,21.7837],[-97.7219,21.8346],[-97.7021,21.8799],[-97.7245,21.9324],[-97.7406,22.0005],[-97.7303,22.0142],[-97.7764,22.1328],[-97.7929,22.2113],[-97.7927,22.2575],[-97.8346,22.2321],[-97.8515,22.206],[-97.8958,22.2238],[-97.9346,22.2546],[-97.9317,22.271],[-97.9788,22.3016],[-97.9705,22.3281],[-97.99,22.3509],[-98.0285,22.3584],[-98.0743,22.3478],[-98.1062,22.3667],[-98.1135,22.3953],[-98.1858,22.4229],[-98.2198,22.4718],[-98.2776,22.4489],[-98.3193,22.4652],[-98.3153,22.4193],[-98.3429,22.3897],[-98.3878,22.3893],[-98.4316,22.43],[-98.4668,22.4288],[-98.5461,22.4002],[-98.5898,22.3944],[-98.6361,22.4137],[-98.6709,22.4057],[-98.6761,22.3732],[-98.5829,22.3731],[-98.5793,22.3486],[-98.5352,22.3379],[-98.4778,22.2962],[-98.4467,22.3056],[-98.4051,22.2561],[-98.3446,22.2221],[-98.3365,22.1877],[-98.432,22.1283],[-98.4195,22.1009],[-98.4636,21.991],[-98.4932,21.9604],[-98.522,21.9794],[-98.5765,21.9474],[-98.5347,21.9064],[-98.5453,21.888],[-98.5179,21.8297],[-98.4624,21.7913],[-98.482,21.74],[-98.5674,21.7174],[-98.5583,21.6877],[-98.6114,21.6719],[-98.6257,21.5926],[-98.5985,21.5379],[-98.543,21.5138],[-98.5169,21.4607],[-98.5216,21.4047],[-98.5043,21.3894],[-98.4655,21.3732],[-98.5424,21.2691],[-98.5165,21.2443],[-98.4684,21.2497],[-98.4665,21.2199],[-98.4468,21.1798],[-98.4032,21.1544],[-98.3421,21.1608],[-98.3159,21.1869],[-98.2786,21.1726],[-98.2945,21.1472],[-98.2491,21.1294],[-98.2168,21.1515],[-98.1898,21.1108],[-98.1509,21.0855],[-98.1508,21.0472],[-98.173,21.0206],[-98.2021,21.0117],[-98.2655,20.8665],[-98.2538,20.8215],[-98.2616,20.786],[-98.292,20.7855],[-98.3272,20.8294],[-98.3529,20.836],[-98.3658,20.8639],[-98.4295,20.847],[-98.4437,20.8343],[-98.4646,20.7725],[-98.4576,20.7469],[-98.5081,20.7442],[-98.5502,20.6894],[-98.5426,20.6685],[-98.4972,20.6999],[-98.4665,20.7103],[-98.4604,20.6768],[-98.4952,20.6366],[-98.4785,20.5943],[-98.5122,20.5942],[-98.5245,20.5484],[-98.5585,20.5114],[-98.5932,20.4995],[-98.5537,20.4464],[-98.543,20.3562],[-98.5174,20.3369],[-98.4604,20.3314],[-98.4183,20.38],[-98.3861,20.4027],[-98.3598,20.3998],[-98.321,20.418],[-98.3157,20.4457],[-98.2805,20.4694],[-98.2558,20.4999],[-98.2116,20.5287],[-98.1729,20.5297],[-98.1058,20.616],[-98.0806,20.6335],[-98.0668,20.6739],[-98.04,20.6319],[-98.021,20.6268],[-98.0287,20.5897],[-98.0083,20.5327],[-97.985,20.517]]]]},"properties":{"shapeName":"Veracruz de Ignacio de la Llave","shapeISO":"MX-VER","shapeID":"31927357B5337219705256","shapeGroup":"MEX","shapeType":"ADM1"}},
{"type":"Feature","geometry":{"type":"Polygon","coordinates":[[[-90.3879,20.8471],[-90.3814,20.848],[-90.3866,20.5556],[-90.3352,20.5413],[-90.2346,20.5453],[-90.2238,20.5192],[-90.2342,20.4705],[-90.1848,20.461],[-90.1863,20.4369],[-90.1293,20.4404],[-90.101,20.4253],[-90.0672,20.4252],[-90.0417,20.4665],[-90.0042,20.487],[-89.838,20.2872],[-89.8724,20.2876],[-89.8757,20.2531],[-89.8407,20.251],[-89.8462,20.2097],[-89.8025,20.2016],[-89.794,20.1362],[-89.7485,20.1793],[-89.5987,19.9982],[-89.6047,19.9383],[-89.5868,19.9205],[-89.5875,19.8744],[-89.5257,19.7756],[-89.4759,19.7712],[-89.4683,19.7002],[-89.4481,19.6984],[-89.4125,19.6494],[-89.2966,19.5512],[-89.2196,19.608],[-89.2229,19.6367],[-89.1892,19.644],[-89.1449,19.6374],[-89.1495,19.5812],[-89.109,19.5823],[-89.1084,19.6123],[-89.1336,19.6146],[-89.1234,19.7034],[-89.0362,19.678],[-89.0305,19.7088],[-89.0488,19.7215],[-89.0252,19.7767],[-88.9745,19.8181],[-88.9439,19.8134],[-88.9295,19.7909],[-88.8976,19.8369],[-88.8802,19.8781],[-88.833,19.8782],[-88.8097,19.926],[-88.7835,20.0082],[-88.7425,20.0151],[-88.7002,20.0104],[-88.6849,20.0774],[-88.6906,20.0899],[-88.5767,20.1481],[-88.5076,20.1434],[-88.5023,20.1901],[-88.4434,20.2381],[-88.4091,20.2521],[-88.3519,20.259],[-88.3088,20.2535],[-88.273,20.2699],[-88.2646,20.2903],[-88.1365,20.2814],[-87.993,20.418],[-87.9951,20.4473],[-87.9627,20.4467],[-87.7443,20.6538],[-87.5331,20.9996],[-87.5349,21.4894],[-87.7151,21.5245],[-87.8155,21.5532],[-87.9591,21.6089],[-88.0255,21.6094],[-88.1391,21.6241],[-88.1602,21.6007],[-88.2156,21.5691],[-88.3376,21.5499],[-88.3583,21.5639],[-88.3976,21.5654],[-88.5232,21.5346],[-88.607,21.5248],[-88.6288,21.5151],[-88.6394,21.4685],[-88.6644,21.4656],[-88.7375,21.4311],[-88.7948,21.4204],[-88.8569,21.3961],[-89.0745,21.3669],[-89.11,21.3578],[-89.1774,21.3542],[-89.4,21.3305],[-89.665,21.2886],[-89.6785,21.2662],[-89.7377,21.2657],[-89.8058,21.2567],[-89.83,21.2291],[-89.899,21.1965],[-89.9262,21.2172],[-89.9922,21.1781],[-90.0946,21.1556],[-90.3255,21.0183],[-90.3693,20.9536],[-90.4043,20.8467],[-90.3879,20.8471]]]},"properties":{"shapeName":"Yucatan","shapeISO":"MX-YUC","shapeID":"31927357B35199150741361","shapeGroup":"MEX","shapeType":"ADM1"}},
{"type":"Feature","geometry":{"type":"Polygon","coordinates":[[[-101.8617,22.0289],[-101.751,22.0146],[-101.7107,21.9739],[-101.6591,21.9416],[-101.6501,21.9074],[-101.6115,21.9192],[-101.5698,21.9171],[-101.5628,21.8554],[-101.537,21.8105],[-101.5105,21.7991],[-101.4963,21.8099],[-101.4832,21.8677],[-101.4102,21.9087],[-101.4304,21.9323],[-101.3524,22.0131],[-101.3508,22.0878],[-101.3294,22.1356],[-101.3513,22.1768],[-101.3243,22.2099],[-101.3854,22.2651],[-101.4351,22.3415],[-101.433,22.3633],[-101.3819,22.3575],[-101.3748,22.4565],[-101.3137,22.4535],[-101.3154,22.4696],[-101.2857,22.5079],[-101.2951,22.5285],[-101.2936,22.5845],[-101.3369,22.6588],[-101.38,22.6758],[-101.3601,22.7143],[-101.4111,22.7477],[-101.491,22.7429],[-101.497,22.7015],[-101.5674,22.6568],[-101.5738,22.6128],[-101.6565,22.5133],[-101.696,22.5204],[-101.7462,22.5087],[-101.7834,22.465],[-101.8371,22.4997],[-101.8199,22.5513],[-101.873,22.5631],[-101.8533,22.656],[-101.9398,22.6457],[-102.1249,22.783],[-102.1921,22.8649],[-102.2497,23.0755],[-102.2142,23.1313],[-102.241,23.1694],[-102.2395,23.2095],[-102.2894,23.2317],[-102.2858,23.2733],[-102.2547,23.2808],[-102.296,23.3205],[-102.2536,23.365],[-102.2382,23.4469],[-102.1936,23.4476],[-102.1913,23.4014],[-102.1686,23.3989],[-102.1688,23.361],[-102.1225,23.3539],[-102.0119,23.3727],[-101.7751,23.4476],[-101.4371,23.717],[-101.327,23.8127],[-101.1925,23.9186],[-101.2167,24.1597],[-101.1732,24.1641],[-101.0654,24.207],[-101.0127,24.3908],[-101.0067,24.3358],[-100.9453,24.2812],[-100.8504,24.3435],[-100.7423,24.4604],[-100.7999,24.5562],[-100.8478,24.5556],[-100.9022,24.5839],[-100.9588,24.5427],[-101.0805,24.5912],[-101.1276,24.6234],[-101.1646,24.6816],[-101.179,24.733],[-101.2017,24.7655],[-101.3421,24.8134],[-101.4022,24.7882],[-101.4616,24.7368],[-101.6223,24.759],[-101.6013,24.8356],[-101.6563,24.8608],[-101.6851,24.84],[-101.7735,24.8755],[-101.8319,24.9722],[-101.8488,25.0176],[-102.0818,25.0707],[-102.2376,25.1185],[-102.2955,25.1252],[-102.4633,25.1159],[-102.4468,24.9995],[-102.6697,25.0666],[-102.6289,25.0083],[-102.643,24.9786],[-102.673,24.9788],[-102.6731,24.9428],[-102.5662,24.9022],[-102.5654,24.8664],[-102.5492,24.8299],[-102.5122,24.7097],[-102.4946,24.6126],[-102.4798,24.4904],[-102.487,24.4442],[-102.5339,24.4077],[-102.6066,24.4112],[-102.6118,24.4],[-102.704,24.3741],[-102.7567,24.377],[-102.7889,24.4062],[-102.8317,24.3847],[-102.8539,24.4244],[-102.8919,24.4611],[-102.9001,24.4285],[-102.9674,24.4577],[-102.9836,24.4333],[-103.0432,24.4665],[-103.0985,24.4016],[-103.1653,24.4352],[-103.2228,24.4171],[-103.2453,24.445],[-103.2826,24.4288],[-103.3104,24.4339],[-103.3862,24.423],[-103.4193,24.4305],[-103.4368,24.347],[-103.5068,24.288],[-103.5683,24.2864],[-103.5565,24.242],[-103.5661,24.1852],[-103.6058,24.1512],[-103.636,24.1103],[-103.6604,24.1493],[-103.6952,24.1303],[-103.8103,24.0401],[-103.8431,24.027],[-103.8503,23.9888],[-103.8233,23.953],[-103.8308,23.9078],[-103.8531,23.8746],[-103.8326,23.8489],[-103.8203,23.7919],[-103.8624,23.7526],[-103.841,23.7012],[-103.8511,23.6796],[-103.7851,23.6766],[-103.7935,23.6309],[-103.8113,23.6136],[-103.8492,23.6401],[-103.8774,23.629],[-103.8825,23.5923],[-103.9253,23.557],[-104.066,23.4635],[-104.0863,23.3986],[-104.1112,23.3512],[-104.129,23.1822],[-104.1721,23.1284],[-104.1736,22.9824],[-104.1653,22.9418],[-104.1075,22.8848],[-104.0944,22.8007],[-104.0953,22.7592],[-104.1393,22.7684],[-104.1822,22.7583],[-104.221,22.7794],[-104.2373,22.7498],[-104.2663,22.7365],[-104.2744,22.6851],[-104.2883,22.6635],[-104.2706,22.589],[-104.3112,22.554],[-104.3195,22.5177],[-104.299,22.4617],[-104.3488,22.4097],[-104.35,22.3864],[-104.2931,22.3651],[-104.2926,22.3443],[-104.2547,22.3488],[-104.2544,22.3925],[-104.215,22.4228],[-104.1777,22.3896],[-104.2023,22.4887],[-104.1902,22.5076],[-104.152,22.5147],[-104.1152,22.4996],[-104.1035,22.5311],[-104.0777,22.5323],[-104.0515,22.4674],[-104.0973,22.3578],[-104.0488,22.3764],[-104.0232,22.3645],[-103.9756,22.4362],[-103.938,22.4628],[-103.9331,22.4891],[-104.0056,22.5366],[-103.9889,22.5925],[-104.0181,22.597],[-104.0433,22.6719],[-104.073,22.6932],[-104.0559,22.724],[-104.0257,22.7433],[-103.9093,22.7501],[-103.8751,22.7372],[-103.7814,22.7298],[-103.7548,22.7195],[-103.7735,22.6115],[-103.8553,22.575],[-103.8542,22.5494],[-103.8752,22.5216],[-103.8623,22.5019],[-103.8829,22.4546],[-103.8693,22.4013],[-103.8862,22.4002],[-103.9261,22.3321],[-103.9017,22.2371],[-103.8861,22.2262],[-103.8731,22.1784],[-103.8441,22.2221],[-103.8286,22.2866],[-103.8454,22.3428],[-103.8112,22.3767],[-103.8102,22.4273],[-103.7838,22.4888],[-103.7691,22.5558],[-103.7266,22.5741],[-103.661,22.5471],[-103.6185,22.5637],[-103.5993,22.5264],[-103.5607,22.4228],[-103.594,22.4072],[-103.6067,22.3383],[-103.635,22.3435],[-103.6378,22.2952],[-103.6028,22.27],[-103.6309,22.2389],[-103.661,22.167],[-103.6908,22.1283],[-103.6623,22.103],[-103.6047,22.0979],[-103.58,22.1268],[-103.5548,22.1343],[-103.5159,22.1099],[-103.4665,22.1073],[-103.4395,22.1176],[-103.409,22.2154],[-103.3377,22.2452],[-103.3119,22.2333],[-103.2951,22.2533],[-103.3277,22.3074],[-103.3626,22.3364],[-103.3647,22.3695],[-103.2602,22.4119],[-103.2209,22.4096],[-103.1686,22.385],[-103.1686,22.3546],[-103.2101,22.3283],[-103.2204,22.2964],[-103.101,22.294],[-103.0838,22.2634],[-103.0555,22.2473],[-103.0523,22.2207],[-103.1061,22.1914],[-103.1006,22.1461],[-103.0765,22.1278],[-103.1017,22.1018],[-103.1256,22.1048],[-103.1543,22.0722],[-103.1079,22.0634],[-103.1115,22.0143],[-103.1328,22.003],[-103.203,21.996],[-103.1926,21.9699],[-103.2786,21.9897],[-103.344,21.9297],[-103.3943,21.8967],[-103.4139,21.9055],[-103.4572,21.8365],[-103.5257,21.8189],[-103.5694,21.7892],[-103.5318,21.7712],[-103.5085,21.7397],[-103.5295,21.6724],[-103.5555,21.6341],[-103.5547,21.5766],[-103.5905,21.5898],[-103.6216,21.5581],[-103.6449,21.5765],[-103.6871,21.556],[-103.6798,21.5112],[-103.6977,21.467],[-103.6693,21.4657],[-103.6535,21.4359],[-103.5864,21.3924],[-103.5711,21.4397],[-103.5371,21.4406],[-103.5094,21.3924],[-103.51,21.3549],[-103.5574,21.3481],[-103.5785,21.3302],[-103.603,21.3491],[-103.6636,21.3381],[-103.6826,21.3188],[-103.7208,21.308],[-103.6981,21.2826],[-103.6364,21.2789],[-103.6402,21.2221],[-103.6537,21.2088],[-103.6114,21.1787],[-103.6149,21.1589],[-103.5917,21.1286],[-103.56,21.1183],[-103.5298,21.1341],[-103.5041,21.1277],[-103.4498,21.1439],[-103.4163,21.1373],[-103.4183,21.1152],[-103.396,21.0803],[-103.3531,21.0453],[-103.2966,21.0648],[-103.2723,21.054],[-103.2582,21.0831],[-103.2096,21.0942],[-103.1834,21.0719],[-103.1273,21.0535],[-103.0774,21.0724],[-103.0593,21.0931],[-103.0917,21.1158],[-103.0714,21.1529],[-103.0843,21.1941],[-103.057,21.2468],[-102.9969,21.2597],[-102.9478,21.2146],[-102.9107,21.2052],[-102.8987,21.2375],[-102.8766,21.2366],[-102.8488,21.2932],[-102.8176,21.3185],[-102.7593,21.3354],[-102.728,21.3571],[-102.6778,21.3409],[-102.6404,21.382],[-102.655,21.4466],[-102.6488,21.4748],[-102.6248,21.5014],[-102.642,21.5359],[-102.6964,21.543],[-102.6951,21.5729],[-102.7647,21.5961],[-102.7836,21.6467],[-102.8021,21.667],[-102.7615,21.6929],[-102.7453,21.7201],[-102.8169,21.7665],[-102.8473,21.8334],[-102.8709,21.8462],[-102.8436,21.926],[-102.801,22.0039],[-102.7532,22.0633],[-102.7558,22.0737],[-102.6909,22.1066],[-102.6755,22.1685],[-102.6458,22.2043],[-102.6414,22.2284],[-102.67,22.2457],[-102.6687,22.2919],[-102.527,22.2909],[-102.4702,22.3092],[-102.4656,22.3502],[-102.3879,22.3641],[-102.3593,22.385],[-102.3214,22.3885],[-102.2901,22.4199],[-102.212,22.3625],[-102.1498,22.3472],[-102.1532,22.2904],[-102.1066,22.2854],[-102.0756,22.3061],[-102.0373,22.299],[-102.0225,22.2416],[-102.0025,22.2414],[-102.001,22.1681],[-102.0259,22.1298],[-101.9676,22.1112],[-101.8643,22.0415],[-101.8617,22.0289]]]},"properties":{"shapeName":"Zacatecas","shapeISO":"MX-ZAC","shapeID":"31927357B22408340646138","shapeGroup":"MEX","shapeType":"ADM1"}}
]}